id,author_id,author_name,author_gender,content,voteup_count
821577197,28a1e56cb7bef0cbd81a1e69add6588b,暖石,-1,话不多说，直接上新媒体运营工作者常用的工具帖目录 （这个回答盘点的比较细致，有上百个实用工具/网站，所以篇幅比较长，建议收藏后慢慢阅读，记得点赞）：公众号排版工具素材查找工具/网站市场调研工具社群管理工具无版权图片工具/网站一、公众号排版工具排版可以说是新媒体人遇到的第一个槛，相信尝试过自己排版的小伙伴对此深有体会，比如排半天发现版式不对称、字体找不到自己想要的、图片的位置怎么又不对… 第一部分，…,294
807441243,3acf5480f8c1e1e7a2ff79476f7772d3,顾文文,0,（收藏是点赞的4倍！哭唧唧…实用耐造的工具当然要用起来啦，搁收藏夹吃灰可不行） ———作为网瘾少女，手里没几个实用的大宝贝，都不好意思网上冲浪。 平日里我喜欢捣鼓一些小工具，不仅给工作带来了不少的便利，还能在“不经意”之间，透露出我的知识渊博。 今天把我的“大宝贝”都安利给你，你也可以做办公室最睿智的崽。 做图神器： 曾经我是一个ps党，即便我的ps技术还不如淘宝美工…,15711
1038102787,1ab00059f301920f1dae9d92386937e6,知乎课堂,-1,史上最全的新媒体运营 50 款必备工具盘点 作者：欧开磊，多年 saas 行业从业者 作为一位拥有多年新媒体运营经验的过来人，我深切感受到要做好新媒体运营，除了苦练运营内功之外，掌握一些新媒体运营效率工具对提高运营效率也是非常重要的。俗话说，工欲善其事，必先利其器。下面就给新媒体运营同仁们分享一些能有效提高新媒体运营效率的工具。 一、文案写作与校对工具 对于新媒体运营人员来说，新媒体文案写作和校稿是一项非常重…,73
831120594,e34d6bdd16675e71c8d8ae0d915667b6,匠匠,-1,码字收集资料不易，大家不要光顾着收藏哦，记得点赞，文末有福利，作为一名新媒体运营者怎么可以没有自己的 资源储备库呢？ 更新——是在是忍不住了，如果大家不喜欢我添加的这个东西，评论区告诉我，离我立刻撤回， 分享一些我平时使用优惠券网购的东西，有优惠券不用白不用，干嘛要老老实实的原价购买，白花冤枉钱。网购达人必备—— 谁晓得在哪找京东优惠券？ ，可以先看看再说。ps：就害怕大家只收藏不用，所以这次就放在第一…,3870
793573948,5c2c901e8f630d9b9052615eaee0b7d5,镁少女日记,-1,我来更新啦 ①黄油相机 有超多模板，可以满足新媒体运营者的头图、尾图的制作，也可以制作日签，主要是可以加工自己拍的照片，马上变得高逼格。具体介绍可以打开链接看看哦 以下为原答案 1.创客贴 电脑端，超级万能，亲测好用。可以制作logo，头像，海报，微信头图，微信尾图，易拉宝，邀请函，gif动图…总之只有想不到，没有做不到 [图片] 2.智能写作,1693
824150198,edd9ef799e09e2add9ff6273444d9285,半撇私塾,-1,新媒体运营人必备的爆款工具箱（2019版）本文档为半撇私塾 全栈新媒体骇客训练营 课程推荐工具，并于 Github 开源，欢迎大家请 Star、Pull Request或在 收集&amp;提交页 中提交推荐工具。2019年，经过层层筛选，我终于入职了半撇私塾，目前是负责新媒体运营的工作！记得开始第一个月工作的时候，每一天工作任务并没有很多，但是我每次都是 最晚下班的那个人。同样一个任务，我看着周边的同事刷刷完成的文案跟成图，也就10分钟搞定，…,163
1317797725,df6dfaf862b8647b1f0864a611304ead,大华小言,0,众所周知：新媒体人越来越累了。双微一抖一B站一直播，甚至还有知乎、小红书、快手… “没有性生活”、“无偿加班”、“半夜起来追热点”等等，让新媒体人有说不出口的难过和委屈。 [图片] 提起新媒体运营，无版权图片网站一抓一大把，还有各种编辑器、作图网站、素材网站、学习网站轮番轰炸，真的好累好累。说实在的，入了这行，这些资料一个5G的压缩包就能get到。 那新媒体运营还经常用的工具是什么？ 别忘了，新媒体运营也是人啊，…,14
860184405,81fba8845d2a959ff9372b1a074361d4,杨坤龙,1,筛选上百个运营工具，不整那些虚的，使用频率低的。分享20个特别实用能让你快速上手，早点下班新媒体运营工具！话不多说，先上目录： 01、懒人模板 02、创客贴 03、爱微帮 04、盘搜 05、草料二维码 06、广告监测工具ADBUG 07、爱运营 08、微口网 09、录音宝 10、腾讯微校 11、公众宝 12、皮皮时光机 13、侯斯特 14、文图 15、帮推客 16、百度风云榜 17、百度脑图 18、199IT 19、搜狗微信搜索 20、数英网 ▌01、懒人模板 [图片] 推荐指数：…,102
891565704,f508f14833f52639e8c2dbbbff7d8933,盐选推荐,-1,善用工具 ，提高效率。作为一名从业多年的微信营销工作者，我今天给大家科普一款能极大提高你工作效率的公众号插件，名字叫「壹伴」，它有句 slogan 是「少花时间运营，多点时间生活」。 新媒体的运营工作确实比较琐碎 ，这款工具可以让你在很多工作上提高效率，一天下来能节省不少时间。你直接在百度搜「壹伴」就可以找到并安装。介绍一下这个插件的重点功能。 排版功能 安装这个插件后 ，直接从插件进入公众号后台，打开素材编…,11
816246160,e386771c4a5cfffd4364d94f5ed559a3,考拉新媒体导航,-1,看到这个问题，作为一个“新媒体人专属的门户网站”必须拥有姓名！！ 我们专门整理出了新媒体行业最全的200+个工具。还联系到了部分工具的会员，免费提供给大家使用，让你们想要用到某个功能的同时，可以快速匹配到自己想要的工具！！ 这样，你们再也不用担心：①写文章如何寻找素材？②设计裂变活动用什么工具？③如何运营抖音、公众号？④去哪里寻找报告调研市场？等等。 大家一起来争做新媒体行业最棒最有效率的崽鸭！！！ [图片] 一…,95
1316886104,4d5fcc6bb7a2f57a09844d3ebda36001,知乎用户,1,推荐6款远程控制的工具，其中两款是电脑自带，四款为第三方工具，希望能帮到你。01. Windows 自带 ① 快速助手 使用快捷键 Win + S，打开 Win10 自带的搜索功能，搜索「快速助手」并打开。 [图片] 在打开的页面中，可以看到「 获取协助」和「提供协助」的选项，如果你的电脑遇到了问题，需要他人协助解决，可以使用获取协助，协助你解决问题的人则使用提供协助。 [图片] 提供协助的人使用微软帐号登录之后，可以获得一个 安全代码，将其分享…,8
1302417748,094805f82db7029c4b03e93091cf4106,神卓互联,-1,免费的 远程桌面软件-WanGooe远程WanGooe远程控制软件是神卓互联旗下的，为广大IT服务提供商以及服务中心专业人员提供免费便捷的远程桌面服务。基于Wangooe Tunnel穿透技术开发的远程软件，具有比teamviewer更好的操作体验，具有远程控制、屏幕演示、文件快传三中模块，可以实现：企业IT运维，远程客服支持，远程维护等功能，支持免费上传企业LOGO。 据悉，已经有很多IT小哥哥说画面很清晰，晚上回到家用WanGooe远程控制公司的电…,3
784886341,ead82865cf04a7a88f4809997836ddfb,ttxn,-1,我认GotoHTTP是最好用的远程软件。特点：速度快，非常小只有几百K，CPU占用率低，支持的系统最全。 最重要的是 控制端不用安装软件，手机上都不用安装，目前没有哪个软件能做到。还有GotoHTTP不怕有些公司网络管控，封住远程端口，这个软件只要公司网络能看网页，就能用，这一点目前也没有哪个远程软件能做到。,17
901622736,37c035af73ebb567ebf816b4688a0921,向日葵远程控制,-1,十年品牌，专业远控，必须得有我小葵啊！ [图片] 向日葵远程控制是一款阳光的远程控制及远程桌面产品，获得微软认证，界面友好，简单易用，安全放心，体积小巧，易快速安装使用；配合向日葵开机插座/开机棒，能实现 远程开机与控制一体化。 [图片] 有了向日葵，你可以在世界上任何地点、任何网络中，轻松实现 手机控制手机，手机控制电脑，电脑控制电脑等操作； [图片] 向日葵远程控制软件适配Windows、Mac、Linux、iOS（主控端）、Android等多个平台互控…,23
1302434906,1659ec86f7f6d759d26c12fe6010c191,秋树落叶,-1,--- --- 市面上的，远程协助，用了几款，收费挺高的，我现在用的是WanGooe 远程协助 我认 Wan Gooe 远程协助是最好用的，远程速度快，画质清晰，操作简单，采用的是神卓互联的 Wangooe Tunnel 核心引擎，保障数据传输稳定，和安全。 [图片] 远程控制 远程协助客户解决问题的好帮手。,2
194292392,1d251483561d85285d6ab92065c4ff8f,知乎用户,0,VNC Viewer 不错~,1
75790899,6b72435a8b4b2254a66a46c212994d27,公孙拓,1,向日葵不错，至少可以控制迅雷下载，还可以打开摄像头,4
325226923,2d99a83175b113feeec2ed255810a616,张琴,-1,不太明白你说的同步软件是什么意思。据我所知，WorkWin可以远程控制，并且有强制备份上传客户机指定类型文件的功能，不知道这个是不是你说的同步的意思？,1
1008021208,5704aebeb29d3773d271b5078b264bb9,Nicolas Gong,1,splashtop，吊打向日葵 Updated: 22/Apr/2020： 二月份的时候，疫情国家可以免费使用两个月的，现在只能试用七天，不建议使用了，建议用TeamViewer。,3
1138224806,05b900321fe9a082b24f3223944365a3,花生壳内网穿透,-1,除了咱兄弟向日葵，用花生壳+Windows远程桌面可以实现，随时随地远程访问远程电脑； [图片] 先给需要远程的电脑开启远程桌面服务，并在防火墙设置中允许远程访问； [图片] 然后下载安装花生壳客户端，免费的哦~ [图片] 注册登录花生壳客户端，点击“+”添加映射（小编这里以专业版服务做得演示）； [图片] 在内网穿透界面，应用名称可自定义，映射类型选择TCP，然后选择“Windows远程桌面”模板即可； [图片] 点击保存，花生壳自动生成外网访问地址； [图片] 通过这个外网访…,4
1311243683,3ca6ad7b21a954943ca602b0be6373de,互盾科技,-1,看到这个问题，就去整理了一下我平时最常用的8款实用且功能强大的软件， 个个都是宝藏级软件，提升效率杠杠滴！ 每天下班你们的桌面是怎么样的，我刚入职场的时候是这样子的，密密麻麻全是文件，给你们看张图。 [图片] 吓不吓人，整理起来超级麻烦，后来在我探索各种软件的时候，就发现了这个文件自动分类神器。 只需要提前预先设置好规则，然后将需要整理的文件拖入到Drop中，它就会自动将这些文件归类。 [图片] 刚…,2
1308461989,ece55992becd892001fc71ca12f7f12b,夏日长安,-1,是时候拿出我的宝藏软件了~ 1：视频下载 （包含了抖音，快手，腾讯，爱奇艺，B站，微博等平台的视频去水印下载） 2：文件格式转换（堪称社畜必备） PPT转PDF，JPG转PDF，EXCE转PDF，PDF分割，PDF编辑等等，甚至包括PDF压缩，Office和图片转换成PDF,0
1300915984,37c035af73ebb567ebf816b4688a0921,向日葵远程控制,-1,实用功能强大且免费，这简直在说我小葵啊！ [图片] 向日葵远程控制采用软硬一体化控制，满足企业多设备多环境远控需求，批量部署、远程运维让企业管理更轻松。 [图片] 在进行远程桌面协助时还支持白板功能，录像截屏等，助力技术运维人员安全高效稳定的实施远程协助。 [图片] 此外普通用户使用向日葵远程控制还可以实现，手机控制电脑，电脑控制电脑，电脑控制手机等多种交互方式，助力个人用户实现实现远程办公，移动办公，远程文件传输等等。 [图片] 通过向…,0
1296072305,da191d4f75b1acd9e03d218ef0fbdec5,大风,1,我我我，来看我，保证你不会失望。 这个问题找我就对了，专业推荐好软件100年，以下放我以往推荐软件的合集 你绝对会用上的。 １、电脑录屏软件：captura完全免费，绿色。 市面上的录屏软件都需要付费，或者免费就是有水印或者限时间，完全一点用户体验都没有。 然后我找到了国外一款开源录屏软件，实测超棒！种草！ 这个是国外开源软件，所以免费。而且简单好上手 基本看到主界面，就知道怎么用了。提供的功能完全能够满足大家…,1
1310994709,5b7c0a9e639afbae19b521f58c41fdb3,智办事,-1,智办事---一款团队任务协作工具智办事地址：研发背景：企业管理效率较低，办公协调能力较弱的状况，企业内部管理在当下亟待创新的需求。研发团队：智办事由杭州互次方科技有限公司研发，是一家致力于企业协作办公领域的创新公司。创始人及核心人员均来自阿里巴巴、华为、曹操专车等知名企业。研发目的：综合利用自然语言处理、大数据处理等技术技术，创建待办事项，通过视觉化体验直观分清任务的轻重缓急，…,5
1298924511,d42620df99bbed22b76b306a64c49c39,太阳植物,1,软件的话先从音乐讲起，网易云音乐绝对是一个功能强大的软件，就比如说隔壁老潘唱的这首初秋的你，在其他音乐软件里就找不到，但是网易云音乐的话还可以的，而且它的评论什么的多看一看会感觉特别的好，有一种跟别人交流分享的一种喜悦。 再说视频的话，推荐一个本地的软件他叫QQ影音，是由腾讯公司推出的一款支持任何影片格式和音乐文件的本地播放器，这是腾讯首次首创的，轻量级的多播放内核技术就能发挥新一代显卡硬件的性能…,1
1291555977,80c4636cded39f97b684b3e910c7ef99,放纵的野性,-1,这个网站吧 filedo.cn ，可以在线处理图片和PDF图片压缩、在线无损压缩、支持压缩到指定大小kb和质量压缩 - filedo.cn 图片压缩：支持根据质量压缩和一键压缩到指定大小，可以批量上传和打包下载。 [图片] 图片工具：支持多种图片格式转码支持转码过程中调整图片质量gif文件转jpg还可以逐帧输出（每个动作输出一张图片） [图片] 还支持在线处理PDF [图片],1
1303380107,094805f82db7029c4b03e93091cf4106,神卓互联,-1,来捧个场 神卓互联内网穿透已经升级第五代5.2.0版本，和之前的界面和使用方式都做了很大程度的优化，以下是最新版的使用向导。--- 第一步，在神卓互联官网下载最新的客户端。 第二步，一路点击下一步安装（或者选择安装在自定义路径下）。 第三步，安装完成后桌面上会出现一个神卓互联客户端的图标，双击运行打开。 出现如下界面： [图片] 个时候填写…,1
1301977682,9e48dcae35217f05ba206dc115222901,不吃香菜,1,推荐两个吧，我一直在用的。 一：白描非常好用的OCR文字识别和翻译软件，能扫描证件、文档等，精确度很高，每天有三次免费识别次数，偶尔用用够了，会员也不贵，30终身，有条件可以购买 [图片] [图片] 二：snapseed很多人推荐过的修图软件，免费且强大，功能很多，用过的人都知道，看图 [图片] [图片],0
1308815638,b55ac1e94d7e8db07ada92dfe1f430a4,纳西索斯,-1,我们所知道的成功人士，无不有近乎严苛的自律性和执行力，他们能对自己的时间做出细致的规划，并按照计划逐一执行。对比之下不可否认，拖延症是我们成功路上的一大绊脚石，明日复明日，flag永远只是flag。 可以这么说，懒癌之后，我们离成功还差一个时间规划表。那么如何能做出一个详尽有力的计划表呢？这时候我们就要用到思维导图了。时间规划就是思维导图的一个重要用途，下面为大家介绍一些专业实用、简单方便的思维导图软件…,0
1316920141,0d453eb6bb173878d4a8a52c15d15613,MindMaster思维导图,-1,作为MindMaster当事人，我来了。今天，我来给大家做一个详细的自我介绍。( •̀ ω •́ )y康忙北鼻，花费你3分钟的时间↓↓↓ 大家好，我叫MindMaster，是一款专业的思维导图软件，在2017年出生于深圳，是一名纯正的中国宝宝，今年3岁了。 诞生时间不长+没有巨额的营销费用，即使产品足够优秀，MindMaster的知名度还是有点低。但我相信，那些默默研发产品的时刻，终会换来大家由衷的赞同。 [图片] 毫不谦虚地说，我自认为是一…,11
869490877,17fda7c6cc49e537861d5d65df0358cb,以清,0,"以前没怎么用过思维导图，写东西啥的都用的印象笔记，现在印象笔记要收费了，果断抛弃了。后面我同事叫我用思维导图，接触的第一款是XMind，以前没用过都知道这款软件，可以说身边在用脑图的都是在用XMind,我在使用一段时间之后觉得有点鸡肋，偶然间我朋友跟我说可以用用MindMaster，比XMind好用，然后我之前都没听过，第一次听有这款脑图软件，抱着试一试的心态去体验了一下，发现真的比XMind好用，界面我也很喜欢，恨自己没有…",86
857287879,f377feeb378833da679a732bd355f2f5,FLOWER,1,我觉得MindMaster是属于后来居上的软件，所以确实有点少为人知。 这款软件的功能还是蛮强大的。记得第一次实习，我就是用思维导图介绍我们课题的方向目标，结果得到了经理的认可，因为思维导图做汇报，给别人很好的逻辑性和层级性，MindMaster的界面是比较简洁的，主题格式也是比较简约的。 [图片] 导图社区功能也是非常强大，也是区别于其他思维导图的功能之一。我们可以在社区里面检索各类思维导图，社区涉及的学科门类也是非常多的，…,22
1294848714,428e876eba554cdf2f1cff85e0cc68a0,黄龙保,1,黄龙保：为什么MindMaster思维导图好用，却鲜为人知？ 确实很好用，mindmaster是一款很成熟的思维导图软件，这比很多同类的软件确实进化提升很大。 鲜为人知。 任何时候都有信息差。 很多圈内人觉得很稀松平常的事情。在外行看来就是神秘莫测。 举例：独立做个人网站 我知道的绝大多数人都是在网上找代理做公司官网，一般花个几千块钱是打底的事。 但对专业人士而言，一个小时300块钱包干。但是，你到外面，3000元都不止，最重要…,21
1152214610,471464ae0a3f6dfab43cd831af55d60b,Jessica IX,0,我前几天差点被mindmaster坑死… 每次点了save键离开一下界面后来以后做的内容就没了… 变成了保留在history里的内容。于是我买了会员，试图restore那些内容，可是怎么点都没反应… 最后整张map都没了，给我显示文件打不开… 做了一天的图，什么都没有了… 就这用户体验，我觉得鲜为人知蛮正常的…,7
1183285076,a990f8d7fc412be9c493e54aa21b3982,王晏,1,看知乎还是哪推荐下了个，奔着多平台共享去的。 听着网课咔咔一顿整理，没到3个课时，告诉我不买会员不能继续加节点… 一气之下，我tm又换了个思维导图软件，整理了快1个小时。 不是花不起个软件钱，我就是瞧不上一开始不说，写的多了突然给你跳出来这个洽烂钱的德行。,5
1230925604,73bd633fde5fdf5f58f5caa54f85c787,子寒,-1,个人觉得，以其目前的使用体验配得上这份“鲜为人知”。 我非专业人士，只是很普通的一个小用户，在遭遇几次突然闪退（包括正在编辑，导入印象笔记等各个场景）后决定放弃使用。 知乎都支持「草稿保存」，mindmaster还要用户时刻警惕，时时点按保存键。但凡太过聚精会神，都可能面临努力付之东流的危险。事不过三，为此我决定放弃这个软件。当然还有其他不尽人意之处。但已无力诉说。好在选了最低的缴费标准，与我的宝贵时间相比…,2
1317030067,fb1f44bce92245fa5d84416fc1e83e5b,许同学,1,XMind和Mindmaster都用过XMind用了几年，Mindmaster用了几分钟就卸载了所以“鲜为人知”。,1
1300714280,e28730da4d1ebb5eb0ca3a5be0a0a54b,KKKK,-1,好用？打开经常空白，加载不出来，闪退，东西丢了几回，加QQ问客服，半个月了没人理，我还给他冲了128，就是被知乎上一个说他最好用的一个文忽悠的，今天打开2小时，空白若干次，闪退4次,1
1318552892,b1bc930787841849907c3a0a6e1892b7,羽可豪,1,思维导图不就是Xmind和mindmaster了吗？哪里不出名了... 不请自来，以下基于免费白嫖的观点还有对应的软件版本，充钱的大佬慢走不送~ [图片] 我相信大部分使用思维导图软件的人都是因为其他的兼容性的软件思维导图模块不够的好用才来的，所以为了思维导图软件充钱的人 那应该是少数人。如果你觉得免费版的mindmaster比Xmind好用那你绝对是没用他们做过几张图——首先就是免费白嫖版的导出这一步—— [图片] 看着导出的格式都挺多的，其实不充…,1
1264280062,4fdd1e462d198ac474c5ecd1ae82c2fe,李大颖,0,我只推荐这一个，是白月光，也是朱砂痣！ 学习、娱乐、看片、冷知识、纪录片...它都不在话下！它就是最近大火的小破站--B站！ 为啥说它是业界良心，下面且听我详细道来~ [图片] 一、学习神器B站作为一个没有围墙的大学，里面的学习资源是真的非常丰富。在这里，不管是大学课程，还是各种技能，你都能找到。 不过，可能因为内容太多，会有一点杂，所以下面推荐给你几个优质学习UP主！ [图片] 1、一对分享高效学习方法的情侣UP主。 …,1123
1261759250,ad1d035edb07b505e41eba304c78df04,知乎用户,1,推荐10个特别良心的手机App，每一个都是完全免费，每一个都是堪称神器，让你相见很晚。 1：夸克夸克是阿里出品的一个极简手机浏览器；软件不仅支持安卓版本，也支持苹果版本。 它就是一股清流的存在，本身没有任何广告，没有各种各样的频道，没有任何消息推送，而且还支持广告过滤。 它支持多个搜索引擎，支持全新智能 AI 引擎，让你的搜索结果准确命中；它还支持通过语音对夸克浏览器进行操控等。 它还支持很多 黑科技功能，例…,4845
1289654419,dcec32958cb8b5f3468de50b6206f895,天猪,0,我对业界良心的定义是 免费+好看+好用，如果没有广告就更好了，翻了下手机精心筛选出6款良心App，安卓和iOS都可以下载~1. 潮汐潮汐是一款集 睡眠、冥想和专注于一体的应用，提供大量自然的音景，有助于减轻压力改善睡眠。高清的自然声音，声音场景包括雨天、海洋、雷雨、 流水、远山、林风等睡眠与小憩：和万物声音一起入眠，闹铃轻柔让每一次醒来都是美好放松呼吸引导：学会正确呼吸，4-7-8呼吸法帮助快速入眠冥想课程：免费的…,83
762857867,0bb4995fdf6044b4fdc99486e62c1e5c,坚果云,-1,请问这时候不自夸更待何时！ 怒答！ 论业界良心，我想要毛遂自荐一下。 我没广告，不影响用户体验。相信大家用了很多软件都会碰到这个软件通病，用户界面广告太硬 ！有关系的没关系的，适宜的不适宜的统统都跳出来，父母在旁边还真不好意思打开， 生怕父母误会自己以前浏览过什么奇奇怪怪的网站！ 但是，小伙伴们用了我绝对放心，我们从来不投放广告。用户的体验是第一位。 所以没有广告让大家用的爽，是不是很良心？！ 2. 不用…,87
1271170128,08ea2f8f900248ff4b67afc5d19ffb34,金山文档,-1,人在工位，刚开知乎，就看到了个推送。 我刚把发到手的薪水还给了花呗、房东、信用卡，账户里剩下的几块钱冲着我瑟瑟发抖。 是什么让我坚持在工位继续战斗？除了贫穷，另一个支持我的信念，就是我们团队一直为之努力的这个产品。 我相信这个产品可以给劳心劳力办公疲劳的人们，带来一线解放， 我们每次开会研究产品的功能升级，在屏幕上投影的永远是一个Excel表格， 上面排满了大家努力想出来的细节升级方向，这个表格动辄就几百…,13
1263486214,4d5fcc6bb7a2f57a09844d3ebda36001,知乎用户,1,01. Cuto 壁纸 Cuto 壁纸，是一款免费的壁纸应用，这些壁纸也是来自 Unsplash，由人工挑选，支持 iOS、Android 和安卓。小程序上的壁纸似乎停止更新了，为了获得最新的壁纸，你可以使用它的 App 版本，且 App 上的壁纸会按照图片的色调对图片进行分类，如黑、白、蓝等。 [图片] 除了前面介绍的内容，我还写过一篇电脑桌面美化的文章，错过的朋友可以戳：《 》 02. ES 文件浏览器 ES 文件浏览器，…,40
777257141,c61b42c5c6ea9600ee903f012e66316f,山茶放假了,0,我来了我来了，我带着业界良心走来了！ 过客Gorkor，一个写信的软件。用了好久了，真正的业界良心。主要功能是写信，还原书信慢时代。邮票时间为四小时及以上，在等待中让情感发酵。 主创团队也是一群热爱文字，享受生活的人。老王（过客的头头）经常在灌水区出没，可扑捉，然后打一顿，哈哈哈哈。 除了写信还有壹本杂志，过客岛，水族箱（养鱼的），书单，我是谁（解密游戏），猜火车（电影游戏）等功能。 大家好，我是渣渣辉，…,115
744065105,cfce35514e9bd6c80440b53cf5d76f1c,树的葡萄,1,所谓 “业界良心”，就是不浮夸、没有噱头，能解决我们工作中的痛点、也能很好玩...本着以上原则，在此、给大家 20 款app，每一款都 堪称“良心之作”。 还是 老规矩：你不用一个一个的下载，我已经将下面所有app上传到了网盘，先 点赞，然后这样下载！！！！ [图片] 一、工具类： 1、「 MediBAng PAint 」寻寻觅觅，冷冷清清，凄凄惨惨戚戚。 蓦然回眸，终得良器 —「 MediBAng PAint 」 。 「 MediBAng PAint 」是一款人气超高的…,212
772235731,a9001b5f2f905198b13037980a6424b1,最美应用,0,1.「钱迹」「钱迹」，记账小能手，是一款免费的“三无”产品：无广告、无后台、无唤醒，是一款遵守 Andriod绿色公约的良心软件，还支持生成月度的财务报表，每日的详细帐单统计，提供众多主流记账软件的导入渠道，具体介绍可看 3 秒记账，最棒的记账 APP 应该就是它 [图片] 2.「发条」「发条」说起来是一款语音助手软件，不过功能主要集中在音乐上，它聚合了 QQ 音乐、网易云音乐以及酷狗酷我的资源，这样大家就不用因为音乐版权问题听…,16
1315063798,082784968328294278dc5da049928ae4,尽晓职场事儿,0,Hello，大家好！ 我是场场，一个热爱分享工具/技巧、时而软萌时而高冷的有那么一点学识和美貌的女子！ [图片] 稍稍解读了一下业界良心，我大概认为得符合下面几个原则： （1）.无广告无捆绑； （2）.注册使用后没有乱七八糟的短信推送； （3）.免费软件真实好用/付费软件价格合理质量达标； （4）.聊到某一领域首先会想到的某些产品因此基于以上的原则，我想到了一些app分享给大家； 辛苦整理. 全文1552字. 记得点赞+收藏 支持一下噢. …,7
1183357527,a1528bea749d29b6f78c8acd448e68b4,巴别鸟,-1,利益相关，企业网盘创业者，产品叫巴别鸟 说到代替百度网盘，要看在什么层面上代替。先说结论： 如果是个人网盘应用层面，要找到代替百度网盘的产品，很难。可以说目前我没有看到能代替百度网盘的个人网盘。百度网盘的主要方向就是针对个人用户的，在这方面深耕很多年，相当成熟。正因为几乎没有竞品，所以百度网盘越来越没良心，为了现金流想尽办法在客户的忍耐极限上各种肆无忌惮，如果有代替品他敢这样么？ 看了本问题下面的…,17
1308631004,dfc843a7d90a8a220eff2b06bdf09c57,什么值得买,-1,良心推荐！那些可以替代百度网盘的产品，建议收藏！ 网盘这种东西倒闭的太多了，这年头存点东西真不容易，以前也陆陆续续用过很多网盘，但一直没统计，最近在家没事做，给大家分享几款目前在用且能够完全替代百度网盘的产品，而且以免费使用为前提，不输于百度网盘SVIP的速度。 测试环境为电信200M宽带，压缩包文件为141M，模拟日常简单文件的传输。 替代对象：百度网盘 空间：超级会员免任务扩容至5T空间，普通会员2T，一般用…,44
1171212398,81e804dd4f77e723a8eb46dffb37c8e3,忽如远行客,1,1.坚果云坚果云不足的地方在于空间，免费版的坚果云每个月只有 1G 的上传流量和 3G 的下载流量，想要更大的空间就需要买会员。所以坚果云适合像文案类、策划类工作的朋友，对储存空间有较大需求的朋友不太友好。 [图片] 2.iCloud此前少人用的原因是上传和下载的速度慢，自从服务器迁移到贵州之后就好了许多。文件上传完之后就可以在你的 iPhone、 iPad、Mac 上随意下载，跨平台办公也是很方便。免费的容量是 5GB，对于一般用户来说，储…,70
1309619307,fc680496fc736bb513b0cb11081007f6,知乎用户,1,为什么用百度网盘？还不是应为它的垄断地位，加上它的免费空间大，还有一个重要的原因就是它的资源丰富，早期的跑马圈地，为它带来了大量的用户以及大量的资料存储。现在它唯一被诟病的就是下载速度慢。 我认为基于免费用户来讲，短时间内无对手，无法替代。当然氪金用户可以自由选择其他答主推荐的什么坚果、天翼、和彩云…或者是百度自己的ssvip 这里给大家讲个 百度网盘最近做出的改变：为免费用户加速 其实就是用你的闲置…,3
1204233226,f65fecd87d92c2e62afec5ed0b0b7921,jiaxing lu,1,"最好的替代方案: 自建网盘. 这些商业的网盘产品, 要么搞不好哪天被流量成本压垮, 成为 Mofile 第二, 要么吃相越来越差最后到用你存在上面的数据勒索你, 成为百度网盘第二. 流量和存储成本很贵的好吗? 各位自己去看看阿里云 OSS 的收费标准, 再看看回形针77期关于 &#34;中国的网盘为什么这么难用&#34; 【回形针PaperClip】中国的网盘为什么这么难用？_哔哩哔哩 (゜-゜)つロ 干杯~-bilibili 免费的单纯个人网盘的话, 从商业逻辑上根本行不…",3
1168614021,4681067d127fff352c9ae68a96c59723,小逸,1,个人觉得，国内并没有能代替的其他网盘，自从360网盘宣布关闭服务之后，百度网盘几乎一家独大。 当然，如果你只是存一些小文件（小于100m）那么像蓝奏云，城通网盘这两个是可以满足你的，蓝奏云最大的优点就是可以上传小于100m的文件，且永久保存，而且文件下载时可以直接网页下载，不需要登录账号。而城通网盘最大的优点就是分成系统，当你的文件被下载一万次就可以获得500元分成。 百度网盘在国内很难被取代，既是大家每天都在…,5
1204010828,21405ec19f2954a2294916498545bbfb,越陌的数字生活,1,替代百度系列之网盘。我想你需要这个。 为什么要代替呢？就要从这个说起，大家也都懂，百度网盘在日常使用确实很广泛，很多文件分享的链接都是百度网盘，送的空间也很大，一共有2T，就是下载限速真的很不舒服，限速这个能理解，毕竟都是要恰饭的，但是限到KB我也是服了，100M的文件上传几乎能秒传，但是传上去就下不来，而且网页版下载大文件还需要下载客户端 但是，又考虑到有人还是需要用百度网盘，所以这里给大家推荐一个比原…,6
1233681829,79f4f1f021c47423d502a157a00cdcf4,晴天,-1,没有，你换了又如何？ 你的老板还不是给你发百度云链接？你让你老板给你发其他云盘链接？ 百度云盘不死，你换啥都没用。,2
1277291570,ff54b34651cc0177ea9533f1db85a89e,东东好课,1,刚写完一篇专栏文章，又搜到这个问题，那么，粘贴过来供大家选用吧—— 话说，网盘似乎是现在很多人都离不开的工具了，像我，同时使用了Dropbox、百度网盘、微云三种，现在，因为要与学员分享东东课堂的加密课程或其它资源，个头儿较大。而Dropbox国内普通用户无法访问，百度网盘和微云又限速，只好另寻解决方案。看了看坚果云，空间有限，放弃，又找了几种，也不是很理想。 一个偶然的机会，在油管一位分享达人视频下方看到了他…,0
1213606568,2bbaffd99f2a585383e60ce47d49e13e,水果忍者o西瓜,-1,基本不存在，百度网盘几乎已经是业界性价比最高的了 至于什么白嫖onedrive，曲奇网盘等邪门东西，还是尽量别碰比较好，数据无价,1
1312294072,098f51fb5f15b3c8b91a905175ec6ded,苏苏苏苏苏,-1,知乎 刚打开知乎就发现有人问我这个问题，简直不用思考,2
1297202600,0e925b5cf85fb9a36acd52eae87386cd,Jun哥笔记,1,OneNote.看看今天新鲜出炉的日规划的执行情况： [图片] 注意日程规划里那个时间： 7:33.就是我打开OneNote开始做今天日程管理的时间。 和往常一样，7点左右就起床了，洗漱好，然后开始做今天的日程规划，除却一些社交软件外，这个是打开的第一个软件。 因此，挺符合题主的描述的。 这样的习惯我已经差不多坚持了快五年啦。 为什么说差不多？ 因为之前并没有形成每天打开，每天做计划的习惯。 就是这个看着似乎很简单的日规划模板，都持…,5
1288068054,0635a9a3e38c27dcebd6c6f674e7ec7f,找不到南,1,支付宝收能量,7
1304739743,a7fa19b158bfe4e7b0a198ca3536e52f,天韵,1,Youtube 人在海外不逛油管怎么活呀。,0
1306016538,b832d53ca162c42aff4988596eed7ba6,澄明,-1,我能说是支付宝吗？？？ [图片] 没错，真的是支付宝，每天早上准备到七点半梦半醒打开手机支付宝，然后点击那个绿色小树。 [图片] 对对对，就是蚂蚁森林，我现在已经沉迷于防被偷能量和偷舍友的能量。 而且...我现在有时候已经到了不靠闹钟凭着偷能量的“毅力”惊醒。是真的，我早起不靠闹钟，就靠着偷能量的心 [图片] 为了偷能量，我付出太多，睡得都不安稳，一把辛酸泪一把泪。我舍长每天七点起床报体温，报完她睡不着然后收能量，我有好几次就被她…,5
1289988174,47d4aedfa91c9c085fb07b5ac4419603,林晨,1,学习强国,9
1304554143,8cc56e10444ff9d46840c0187bb71483,粥粥粥小小冰,-1,微信 微博,0
1290737642,04d9b45ecaaf6ff4d0bf250f6e39c0b4,刘三思,1,手机的时钟APP…不是我打开，而是它自己打开了叫醒我。,3
1307892176,cbfde47da20c6bd3f56242be9762813c,知乎用户,1,当然是必须要是闹钟啊 [图片],1
1292603094,b97de07dd639c857b9f3066ff4f3f0af,尖岗山读书会,1,谢邀。刚起床打开知乎。 每天早上第一个打开的软件，如果微信有角标，就先看微信，如果没有就打开知乎。 从这个春节开始写知乎，一路写到接近L4，每天起来看看创作数据，哪些阅读多，哪些互动多，直观的，一点点认识知乎群体。,3
1274794065,e94f3c5a1d69216b6fb22d8c377f3218,浪荡逍遥客,1,微信，不要问为什么。问就是恶心,33
1273694672,7b6733e7442e3ba083f14c1e29adb5e1,圆圈,0,微信，实名diss。 聊天框不敢删、照片没地存、缓存垃圾文件很多、单删看不见、群聊内头像不能及时更新、朋友圈共同好友点赞通知我、不支持大文件发送、电脑登录还要手机确认、发语音时挡住消息内容、语音每次暂停都要从头再听、进群不通知我 暂时想起来这么多…反正就很烦 [图片],18
1288640177,c61aa284ac3f6f01a1ae28af99809d08,SamLukeYes,1,腾讯出品的一切软件，我用的具体包括QQ（tim）、微信、腾讯会议等。连微软爸爸都知道关心Linux用户了，腾讯对Linux端却一直只有敷衍。就凭腾讯这态度，差评。,7
1282697653,340de1225481a1c2fb57708b1dda2aed,青草味的风,1,这个我来说，知乎,1
1269902257,08aaaeb195648c9d54572e4db65fd82b,适当拉开距离,1,微信。 占用内存太多了！！！ 微信在我的手机上占了3g的内存。各种乱七八糟的东西，经常清理垃圾。还是有很多垃圾。聊天框还不敢删除，因为删除了就找不到聊天记录了。不知道什么时候就又需要找聊天记录了。 微信什么时候能优化优化，像qq那样的能保存聊天记录不好么？张小龙到底怎么想的？！,6
1274853491,a7e260eeffc688fe11aec3e36e187c4a,没头脑不高兴55,0,微信吧！尤其工作中，感觉真的是槽点太多都不知道该从何说起！！！,7
1276416481,b1812f6243ffb47b6da1520dd462b4bf,莫大,-1,微信！！！用起来各种不爽。奈何大家都在用。,6
1276255001,bd52ed60bbba9791c55131536882c07b,spark,-1,WPS 处处要收费却又不能卸载,3
1271053338,0cb265faadaa051d966e2662d41f20ff,Hongbo He,1,谢邀。强答一发。 Microsoft Windows 10。 我自己已经全线换成macOS（含黑苹果）和FreeBSD。但依然要时不时地帮同事朋友解决瘟十系统的奇奇怪怪的愚蠢问题。也算是某种程度上的「不得不用」吧。 [图片] [图片] [图片] [图片] [图片] [图片] [图片] [图片] [图片] [图片] [图片],4
1275857381,2f9350a6e922d2726db3713885af88a5,往后余生,0,微信，强迫症患者真的需要手动去已读一堆红点点，传个文件也那么费劲，无力吐槽了都。,7
1275344492,082784968328294278dc5da049928ae4,尽晓职场事儿,0,让我来康康我的手机屏幕使用时间哈~ [图片] 工作党一枚~平均每天手机使用7个半小时，应该还算合理的吧？ 然后接下来的使用产品类别，我估计大家应该都是大同小异了吧。 娱乐：看视频+玩游戏； 社交：微信/QQ/知乎等； 其他：估计就是一些平时有必要用到的辅助工具吧 绝大多数人日常使用的app，我觉得应该都差不多，所以我逆向思维倒过来分享一下手机里比较消耗时间的应用，可吗？ [图片] 首先是 其他类的。我自己对于其他类的定义就是手机里的…,9
1260051822,5be575f760ff605a52430b650fcb13de,砚倾茗,1,微信/知乎/酷安,5
1289971863,0e4d953f3a7972df03cbe097553c6d5a,Leena,0,微信我本身就是一个不大使用手机的人，对于我来说能微信承载了我几乎所有的需求。 聊天，电话和视频这些基础功能都满足；公众号可以学习专业技能，了解热点信息；日常的所有支付也都可以搞定，水电费用，话费，购物一站式搞定；小程序更是直接把我焊死在微信这艘大船上，将剩余需求也都满足了最后微信收款码可以打印出来，摆在地摊前，不说了我要出摊了,3
1270759314,74a81020d893299da4ddcceac04e897f,jb123456,-1,微信读书,1
1269919137,e6cfbf3e86e24f006008b8a25657af80,打那个大西瓜,-1,每天用的最多的app，我相信大家肯定和我差不多，大概有五六个吧！ 第一名：微信 微信这玩意儿，讲真的，它是一点都不怕你卸载不用，毕竟支付需要它，沟通需要它，开会也需要它，总之，你离开了它，你转不动。据后台app使用时间统计，占比30%。 第二名：抖音 抖音这个app，可以不用么？可以！但是，一旦你闲下来，身边的同事朋友，就会告诉你，今天在抖音发现了一个有趣的视频，或者说，你看罗志祥上热搜了，真让人匪夷所思，出轨…,10
1312664152,fb629974806da52c1a87e7520ca620bb,Martin,-1,微信,0
1306616693,9ae70aaa5a4d5cc281f50efd09eaa9dd,日日木南,-1,微信、网易,0
1296111565,3907638f7f484be518ec8e36be482465,Tobby,-1,微博,0
1275174633,26a0c9626a92421e8785a5223bba6edc,ahhit,-1,新浪微博 虽然微博上面喷子很多，虽然看微博会降低我的智商，但是还是会不自觉的玩微博，或许是因为上面的新鲜事情比较多吧。,0
1272543653,700d0966e0db0452a92ff32f67a16d3c,肖恩,-1,jj（晋江）,0
315314376,f6440a76d220091a110be055e21d6f7d,稻子说,1,本文根据答主多年电脑软件使用的习惯写成，仅代表个人观点立场。本文会根据答主的使用状况不定时更新。 2019/8/9 更新 删除部分原有推荐；并增加新的推荐。更新了部分下载链接。 2020/04/28 更新 增加部分软件推荐及官网链接。| 安全：火绒 快捷入口： 火绒安全 腾讯系电脑管家、360卫士或者百度卫士、金山毒霸等安全软件，曾给我 极其糟糕的印象：包括捆绑下载、静默安装、篡改浏览器主页、弹窗广告等。火绒用了大概两年， 并没…,1799
1296989068,94ec5ac8fc27b6e18fb6879de8fdb50b,凌声潇潇丶,1,刚刚过完大一，上学期买新电脑的时候，我也看了这个问题。 买了电脑半年后，分享一下我的首批软件吧。 不讲小众，只讲小白大众软件！~~NO.1 浏览器浏览器实在是一个超级万能的东西，我觉得一台电脑如果没有了浏览器是没有灵魂的。 谷歌浏览器首推谷歌浏览器，谷歌浏览器是我用过最简洁的浏览器，双击桌面图标之后就是一个简洁的搜索界面，如果你有能力使用谷歌搜索引擎而不用百度的搜索引擎，你会发现用谷歌引擎搜索出来的东西真…,19
1296968290,f1a6792ce3d4bc6494b7baa04db7e5c7,菲魔拉的二小姐,0,这个回答下面好多人推荐好几个软件，我真不觉得都下载下来有什么用，而且还很累赘。反正我大学的时候电脑上装得软件很少，我有个同学，大学四年除了写论文，从来都没有打开过电脑，因为太卡又不想新买电脑，所以每年入学第一件事就是续费包一年，既能玩游戏又能交友，顺带完成作业。 电脑软件安装原则：少即是多 电脑软件维护原则：定期清理 我自己的配置：电脑自带不可卸载的+基础功能+交作业的+游戏的不可卸载的就不多说了，…,35
1297004148,aea9f9e18142e0b8f9215da126ee6f3b,万兴喵影,-1,身为剪辑软件，我很清爽 特此改编了一首打油歌，诸君请查： 看桌面的软件，清爽帅气。 看软件的操作，流畅有型。 喵影轻松剪辑器，快捷方便。 有喵影，更自信。官网下载软件 [图片] [图片] 清爽证据一：无广告、无捆绑下载就是下载，安装就是安装，点击【开始安装】三分钟后，你就可以拥有一款清爽的剪辑软件。 [图片] 清爽证据二：界面清爽蓝绿的配色让人想到夏天，清风一吹，阳光草木的清香。随着这股清香，看到海岸边白衣的TA向你走来——没错，就是…,30
1289816343,35f8f20b6aa85e0ab2852b6f8c7a45f2,有请笠橙君,1,强烈推荐超精品的新电脑必装软件！建议收藏！每款软件经过个人实测，绝对精品！ [图片] 1.文件检索软件-Everything 2.PDF转换-迅捷PDF转换器 3.截图软件-Snipaste 4.分区软件-分区助手 5.电脑安全软件-火绒安全 6.高效启动软件-Quicker 7.文件下载器-冰点文库下载器 8.解压软件-Bandizip 9.图片识别软件-天若OCR 10.文件管理软件-Dropit 1.文件检索软件-Everything 传送门：Everything&#34; 是 Windows 上一款搜索引擎，它…,32
312358503,cd175d9f0848eee70e162f751fc60367,Guo Xiaowei,1,1.我以 稳定、易用、美观为三大原则推荐了下面10个软件/网页；2.请按照 标号顺序有选择地下载，既然是新电脑，至少得先装浏览器浏览网页，然后考虑系统安全问题，再装解压缩软件解压下载到的程序，... ... ，最后考虑美化的问题；3.软件下载链接均为 官网直链，部分国外软件官网可能会加载缓慢甚至无法连接，有问题可以私聊或者评论，看到就回。 下面是正文↓ 1.浏览器：Edge /Chrome [图片] 2.不想用百度:多吉搜索 不追踪，不误导，搜索…,172
307594184,25be926db1fe930d096bd12f0d4bf703,朔南寒,1,杀毒的话用火绒吧，或者自带的wd也行。 输入法看个人喜好，我用的搜狗（电脑配置还行），火绒的去广告顺带把搜狗的广告清理了，不想用搜狗干脆就用自带的输入法等用多了也就习惯了。 清理文件如果不用火绒的话就用ccleaner吧挺好使的。 鉴于学校特殊的网络情况，浏览器可以试用一下国产的搜狗或者360（没办法，谷歌浏览器在学校宽带上太卡连百度都很难用），我自己的电脑这3个浏览器都安装了23333，顺带提一句目前我的浏览器始终…,92
1298541478,7a29637409dbf20153ba7e7fec70108a,知乎用户,1,办公软件：Office 2019（不想那么复杂的可以安装最新版的WPS） 安全软件：火绒安全（远离各种全家桶，我选火绒，安静的像个美男子） 思维导图：Mindmaster（最喜欢这个软件的云同步和思维导图社区，除此之外xmind也是一个不错的选择，想要免费使用百度脑图也不错） 视频剪辑：蜜蜂剪辑（简单好用的国产视频制作软件，上手简单，操作方便） 笔记软件：印象笔记+OneNote（印象笔记用习惯了，里面积累了太多的内容，也可以使用有道…,2
950099693,d3d16fd25936ad0d864b117d0d7d1961,小智,1,随着数码科技的不断发展，电脑软件也越来越多，我们都会下载一些自己会用到的实用软件。许多的黑科技软件还需要等着我们去发现。话不多说，今天给大家分享4个黑科技电脑软件，新电脑到手下载绝佳。 [图片] 1、PanDownload 它是一款支持百度网盘不限速下载的电脑软件，它有着强大的资源搜索功能，文件清理功能，提取码查询功能，它支持批量下载，多账号管理等众多实用的功能。 [图片] 2、AdwCleaner 它是一个非常实用的电脑去广告工具，拥有着…,31
1183663933,082784968328294278dc5da049928ae4,尽晓职场事儿,0,我是一个极简主义者，所以电脑上尽量会减少软件的安装，使用的一定是这个领域里品质较好的软件，现在分享出来供大家参考。 当然如果你们不介意的话，也可以参考一下我之前的相关回答： 下面开始今天的正文： [1]火绒安全链接： [图片] 如果你是win10用户的话，那么所谓的杀毒软件比如某管家某卫士其实都duck不必下载，Windows自带的安全卫士足以。 但为什么我还是给大家…,18
1306413077,a140b1ca084aeca36c4a35f098c34daa,高效率工具库,-1,刚换了电脑，有一些必装软件刚好收集起来，都是非常棒的软件，当然你肯定不会都用到，可以选择自己需要的！ 1. 电脑清理杀毒-火绒安全最精练小巧的杀毒软件。界面干净整洁、功能齐全、不像其他国产软件那么臃肿，没有任何乱七八糟的弹窗！窗口拦截功能非常强大，小编自从换了电脑就一直在用，已经快两年了，基本没有在见过任何垃圾弹窗！ [图片] 2.软件卸载-GeeKGeek是一款轻量级软件卸载和清理工具。高效、快速、100%免费，大小只有2M…,6
1308618065,1e3816e6ceaaf0d9de801c9536866004,花弄影,1,我电脑上安装的软件少，实际上很多软件都可以用网页去替代。 我的工作和写作很相关，今年年初我被困在家里，和我一起的只有一台高中时期就陪伴着我的Windows XP，现在跑MS office都困难… 但我不觉得困难，其中一个原因，是我热爱写作。 另一个原因，是我清醒地认识到：绝大多数软件，都是可以被网页替代的。 1、自在的“轻应用办公”其实客户端这个玩意儿，说得好听是为了用户体验，说得不好听，只是为了把用户的流量封闭起来…,1
553632208,b888f92f307e8917629aa4438104453f,JKUN,-1,软件一般是根据自己的需求慢慢变化的。 下面提供一般人的软件推荐： 一般现在的电脑都预装了「office全套」，所以基本办公可以解决。 杀毒软件如果嫌弃原装「迈克菲」不好用的话，推荐下载一个良心软件「火绒」，无广告，内存占用小。 通讯的话一个「QQ和微信」差不多。喜欢简洁风格的话，可以把QQ替换成「TIM」 经常要找一些学习资料和资源可以安装一个「百度网盘」，虽然网页上也能下载，但客户端还是更方便一些。 对浏览器没…,1
571776117,42ddd70217d85c6c9689455f8f038fa4,弄戏,1,迅雷最好是破解版的不限速的可以去吾爱破解上找找 ps pr ae au看需要吧 好的播放器很重要 建议PotPlayer或者KMPlayer,1
714514747,64fc8d86c89c1eb4fc30d31ee4dd4047,雨过天晴-Rachel,-1,snipaste，有道词典，office,0
557900901,68ae82144f7e284f78a4df2a70e302cd,一语流花,-1,一般我都是下载音乐播放器类的软件（酷狗），和播放器，反正根剧自己的需求下载吧，很难说得完。,0
419318182,a21b2c31497b4b46db78db2d24a5641b,王华,1,都是copy的百度SDK文档，简单说说怎么用。 1、没安装Python的参见此文：Python学习笔记系列 1 ——安装调试Python开发软件 2、win+r输入cmd打开命令行，输入：pip install baidu-aip，如下安装百度AI的模块。 [图片] 3、新建文本文档，copy如下代码，然后另存为py后缀的文档即可，小编的命名为：test.py。from aip import AipSpeech &#34;&#34;&#34; 你的 APPID AK SK &#34;&#34;&#34; APP_ID = &#39;你的 App ID&#39; API_KEY = &#39;你的 Api Key&#39; SECRET_KEY = &#39;你的 Secr…,45
1238321984,134e27baf0bf6d683528093769378641,我好快乐,0,推荐一款文字转语音工具，PC端的 现在市面上文字转语音的工具非常多，大家在功能上也区别不大，主要是声音角色不同。推荐一款我自己用过的在线文字转语音的工具——标贝悦读。他家声音上的特色是有很多模仿明星的声音，有沈腾、周星驰、孙悟空、宋小宝等，可以做视频配音，把这些明星的作品剪辑一下做二次创作，然后用自己的内容合成配音，吸粉效果挺好的。 废话不多说，上干货。 使用流程 首先登陆，支持手机号注册和微信登录 …,83
768286956,4a756e95a27ee050232c3507b67be94b,砺心,1,▍一、文字转语音 文字转语音，国内基本上看讯飞，但百度凭借自身做AI的实力，在语言识别这方面还是不错的 （一）百度广播开放平台（网页）网址： https://developer.baidu.com/vcast 百度提供的服务，也最使用最简单的，但是效果只能说一般吧。 文字内容限制5000字 [图片] 点击生成音频之后，即会弹出下载按钮 [图片] ## （二）讯飞在线文字转语音（WIN） 下载地址： https://axu.lanzous.com/i1Ks9e04ecj [图片] （三）讯飞有声（安卓 / IOS）官网下载： http://xfyousheng.com …,153
249599841,3367f15b6251ddecefbcd201936be26b,cherishlj,0,墙裂安利这个软件【录音啦】 [图片] 功能不要太多，然后文字转语音集成了讯飞和百度的API，可以自由选择 [图片] 昨天正好有这个需求，翻了很久总算找到一个软件，软件还蛮小众的，然后也没什么人知道（我这种强迫症性格，愿意花一天时间来找软件尝试的人除外）别的软件要不就是要注册码就是奇慢无比转起来不知道什么时候是个头要不就是我还没试用呢就让我付费，我还不知道效果呢，怎么付费，心灰意冷得又翻了翻。总算找到了完美符合我需求的软件…,113
307109074,0,匿名用户,1,看了楼上的回答，感觉都没有很好用，文字转语音目前还比较多都要收费，免费的机器声会太重。我来向楼主推荐一款小程序，叫 讯飞快读，是科大讯飞旗下出品的免费文字转语音软件，不是一般的好用。优质朗读员它最大的特点是里面的优质朗读员很多，能模仿 葛优葛大爷、蜡笔小新的声音来朗读（或者说配音），这个可以说是很值钱的声音了，然而可以免费用！另外还有彬哥这种适用于读新闻的朗读员，燕燕这种适合做广告配音的女声朗读员…,109
558793001,b9eda59e832fd45b06eda9a144e4cf62,高效办公小能手,0,文字转语音助手-APP一款非常实用的文字转语音神器，轻松转换文字变语音，可让你享受语音试阅读，适用于工作，生活，缓解眼部疲劳。 使用方法，也很智能简单：1. APP Store搜索文字转语音助手 [图片] 2. 打开软件进入主页看到有“您还没有文档信息，点击下方+尝试导入文档或者新建文本吧”提示，我们点击主页底部【+】 [图片] 3. 以创建文档为例，输入你需要转换语音的文字内容，然后等待转换完毕 [图片] 4. 转换完毕以后，点击下方【试听】就可以听到…,21
1306776449,5ad580da0dbc9d134b7e14f9230554ea,杨超,1,不知道题主说的有感情的朗读是是指朗读比赛中声情并茂的那种，还是有声剧里那种根据不同场景用不同的感情色彩的朗读。不过两种都不容易。 语音合成技术目前主要还是通过发音人不同音色来匹配不同主题的材料，有的低沉稳重十分严肃，有的轻柔婉转略显悲伤，有的热情高亢充满活力，但是真的想对同一个音色的情感随便调控这还是很难的，这也是当前语音合成研究的重点之一。我们团队的小伙伴最近也在攻坚这块。 但是如果是只是比较流…,11
523643857,4088bb2d0891457877ab6bd5aa7ba192,苏格,1,刚刚写完一篇关于这类工具的推荐，粘贴过来，最主要的是在线就可以生成MP3文件，朗读的质量也还可以，并没有很强烈的机械感。 求助什么软件可以把word或者PDF转换成语音MP3或其他格式的？ 利爪，每天分享你需要的黑科技与效率软件，如果你喜欢寻找各种资源，关注就对了。 最后，有人说，如果你求大家帮你点赞，那么大家都会给面子，我且信一次，Orz求大家看完了顺手点个赞，谢谢。,14
1244875523,3649bbfa430fe86f78e170c56f3e587b,安全港湾,1,微配音小程序，用微信搜索“微配音”就可以了，简单实用，功能强大，融合了多家语音技术，是目前语音技术的佼佼者，无论是语音、短视频配音，还是文字转语音都是一学就会，,2
888532157,5723521e79be48bb5dfece24d53bdcc6,Victoria Wang,0,可以用 微信小程序 或者QQ小程序“语音合成小帮手”，不用下载软件，五十多种声音，娱乐报道类型的、讲故事类型的、阿姨类型、郭德纲类型的、葛优类型的等等，好用又好玩，可以免费下载mp3、wav格式文件： https://zhuanlan.zhihu.com/p/90626563 zhuanlan.zhihu.com,13
920241666,4fdd1e462d198ac474c5ecd1ae82c2fe,李大颖,0,不是抖音！查了一下手机的屏幕时间管理，不出意料，果然是哔哩哔哩，也叫小破站！因为它太 全能了！学习课程、技能提升、看记录片、追番、听电影解说、浏览鬼畜视频、游戏直播、穿搭化妆…有些视频看了上瘾，用流量也要看完！顺便安利几个良心UP主！ 前方高能！一、用流量也要看的视频 二、超赞的UP主 三、刷的停不下来的B站专栏 [图片] 一、B站视频-用流量也要看1.纪录片①一个讲述丝绸之路的黄金段“河西走廊”古今发展史的…,43937
959569921,ad1d035edb07b505e41eba304c78df04,知乎用户,1,现在人们会选择各种短视频、游戏软件来消遣时间，但是这些软件你用完之后可能没有多少收获和提升。 今天分享10个良心好用的学习软件，每一个都是鲜为人知、堪称神器，让你在消遣时间的同时，可以有效的提升自己，让自己偷偷成长。 1：古书馆古书馆是一个完全免费的古书籍软件，里面提供的书籍全部可以免费阅读，非常良心。 它免费提供了丰富的古书籍，并且进行了详细的分类，包括：四大名著、世情小说、神鬼志怪、侠义公案、历史…,12068
916366580,b6c3fc714c6ba2a8675e7c634d378568,白夜,1,有知友想看答主B站收藏夹的视频的话，可以在B站搜索关注“我这么菜怎么办”，答主会一直更新收藏夹的视频的。 想不到知乎第一个高赞回答居然是这个回答 ^_^ 。以前认真回答的问题赞数加起来也没这个回答多。看了评论区发现，果然知乎和b站有一腿。既然大家这么喜欢我这个回答，那答主就把b站收藏的私活给大家分享一下，好东西要让大家一起享受。 [图片] 这些是答主刚入b站不久收藏了一堆金坷拉的鬼畜视频，现在看b站的应该大多数都不会…,2493
1008445911,8ecf7503702086864dd62d49bd2736a6,稿小弟,1,不得不说，微信、抖音、B站、微博这四大巨头真的是吸时间狂魔！ 让我一刷就是一天，还能根据我的喜好，精准推送我想看的内容 上面这些软件我把它们归类为”大众消遣“时间 还有另外一类”小众“软件，它们也占据了我手机的大半江山 1. Anki [图片] (图片-Leaflyer Anki群友“L”的单词模版) 每一个大学生、高中生、初中生、研究生都应该用Anki。它就相当于是一个电子笔记本，每一个知识点就是一个卡牌，卡牌内容支持文本、图像、声音和La…,704
960980431,e3c85e95321538c49d13852df5abdb01,少数派,-1,万万没想到占据手机使用时间最多的是——bilibili B 站真的是宝藏网站，除了追番看剧还有好多隐藏的 UP 主等你发现，下面介绍几个打开 B 站的「正确」姿势。 除了追番，你还可以在 B 站爱上学习起哔哩哔哩，你首先想到的或许是番剧和鬼畜。其实，除此之外，B 站还活跃着一群无私有爱的 UP 主，为我们分享各方面的专业知识。在本文中，我就为大家收集了 13 位各领域的知识分享 UP 主，希望能对你有所帮助。 3Blue1Brown对不少理工…,775
1246242795,e8b4d015f70ba41ba75d2993093b681b,迅捷办公小助手,-1,好的杀时间的软件，一定是偷偷摸摸的就收割了你的时间，当你回过神，最少也要在半个小时以后了，迅哥这点可是深有感触。 所以我想着光推荐消遣时间的软件哪够呀，得给大家分享几个既能杀时间，又可以帮大家涨姿势的神器软件。 废话不多说，直接进入正题~ 1.观止准确来说观止不是一个合格的时间杀手，它更像是一个时间刺客，它没有提供那么多平台庞杂的信息，而是每天为你精选一篇优质文章。它也不利用算法费尽心思猜你的心意，而…,46
918836501,22c8b524116d1e0278eae6eea7dc38c7,PPbody,1,微信：亲友联络，工作需要 淘宝：日常购物，查价比价。 知乎：第一阶段，有想了解的知识领域上知乎了解。第二阶段，看明星正常风评上知乎。第三阶段，人生困惑的时候上知乎，越看越困惑。 微博：看新闻，吃娱乐瓜。 B站：学知识，看教程。,778
1006283689,dcec32958cb8b5f3468de50b6206f895,天猪,0,追剧玩游戏它不香吗？这个假期哪儿都去不了只能宅在家，就靠追剧玩游戏消遣时间，我用的这几个软件纯娱乐无学习成分，请放心食用！我的人生信条是学的时候专心学，玩的时候疯狂玩！！ 1. 芒果TV当下最火的两部剧《锦衣之下》和《下一站是幸福》都在芒果TV，这一波会员充的不亏。 古灵精怪的今夏和高冷腹黑的陆绎，《锦衣之下》六扇门女捕头和锦衣卫的爱情故事真是让人揪心啊！夸一下谭松韵真是少女感满满，任嘉伦眼神演技不得了…,118
1007106502,8758fb7a75f9f67cc81fccaabb76692f,知乎小知,-1,和小知一起来看看知友们手机上最消遣时间的软件有哪些吧： 1. 知乎 692票by @北辰青年 第一名当然是知乎啦，每天都要打开好几次。 每天早上坐在马桶上会先把热榜全部浏览一遍，看看今天都发生了什么新鲜事，以及大家最近都在关注什么。 晚上下班回家会看看一些沙雕的东西，还有一些娱乐大瓜，偶尔追追综艺热评，比如最近的《奇葩说》和《心动的offer》。 2. 抖音 644票by @夜影86 没人说抖音吗？是不好意思说吗？那我来说好了。 …,54
919041529,06df6312ec34925dc7271d26c2b95be1,北辰青年,-1,那个，我可以答一波学习APP吗？不要打我，因为平时我确实是用它们来消遣的。 疫情当下，在APP里学习的时间更多了 [图片] 一、碎片化学习 [图片] 1、知乎第一名当然是知乎啦，每天都要打开好几次。 每天早上坐在马桶上会先把热榜全部浏览一遍，看看今天都发生了什么新鲜事，以及大家最近都在关注什么。 晚上下班回家会看看一些沙雕的东西，还有一些娱乐大瓜，偶尔追追综艺热评，比如最近的《奇葩说》和《心动的offer》。 2、36氪这个APP主要是用…,910
1272085457,21705b0452bde65aabeb5e7846809152,重山,1,一股清流，这可能是目前为止最好的压缩软件 所有特殊版本的下载方式和使用教程、注意事项都在文中若你想找到我，我的公众号 「时闻野望」，欢迎诸位来玩，也欢迎你们来嫖…来康康！ [图片] 一、360压缩国际版优点： 无广告，无弹窗，UI界面扁平化（颜值高）版本：1.0.0.1031 国际版 下载方式： 1.国际版官网： [图片] 国内软件厂商都有个尿性，就是把国际版做的干干净净一尘不染。国内版本各种弹窗群魔乱舞… 360国际版…,71
1211486979,49f564182d88b87a296047b73ec13b76,于无声处,-1,一直以来我认为解压软件是一个电脑必装的软件，所以在我没有足够的体验之前我绝不会给大家胡乱推荐，在我体验几个压缩软件两个月之后，我终于测评出至少是在我心目中最好用的解压软件，给大家讲一讲吧！ 几足鼎立：在解压软件这块大蛋糕面前已经有无数家公司围着了！其中最为优秀的几个就是7-ZIP、Bandizip、Winrar、360压缩，360也只有这款软件是一个良心的作品了。 1、360压缩估计是大家使用最多的解压软件，毕竟它是国产解压…,49
953924136,b4be6ffad1078709bbd55870d66113f8,一氪空间,-1,"说到压缩软件，我相信大家一定都不陌生，毕竟QQ不能直接发文件夹，很多东西还要压缩一下才能发过去，ZIP,7Z,RAR都是常见的压缩格式，压缩软件国内主要有2345好压，快压，360压缩等这三个主流的压缩软件，是他们解压缩能力不行吗？除了360之外，另外两家解压缩都还是比较快的。但是，毕竟是国内的软件，只要是国内的软件，特别是PC端，吃相一般都比较难看，2345不用说了吧，天下有多少IE浏览器的主页被硬生生改成了2345，反正我们…",178
1175473853,88a50d9b1047faec76f30f02da62b7f7,ROBOTAFU,0,我平时一直都在用好压，winrar这些免费压缩工具，后来偶然看到交流群里有小伙伴问我有没有好用点的同类软件，于是我就去找了一下。 一找不要紧，我发现了一款非常NB付费软件，而且还是激活版，这款软件的原价要30美金！用过之后才发现我以前有多无知， 这款压缩工具真的可以吊打所有同类软件。建议大家耐心看完。（获取方式在文末）Bandizip拿到安装包后，文件夹内一共有 5个文件，其中两个是主要安装文件，两个是破解补丁，还有…,31
329254969,cd175d9f0848eee70e162f751fc60367,Guo Xiaowei,1,7Z 简单方便，用起来挺顺手。,7
330978508,f6a124918677535be4200e69eec07771,刘毅,1,强烈推荐bandizip，免费软件，操作简便快捷，省心好用的良心软件啊！,38
798602254,cfc0d308da9e718bf339be68e53c415f,知乎用户,0,强烈推荐Bandizip 没广告，支持的格式多，出现日文文件名乱码的这个也能解决 https://www.microsoft6477.moe/2174.html,20
1223866883,759c7833759fd02873c0dd495dfe6e25,7号forever,1,大家下载的同时点个赞呐(*｀･з･)ﾑｯ 先说结论，不想白嫖使用7—zip，白嫖使用WinRAR、Bandizip或者好压都可以。 其实现在主流的解压缩软件基本都能满足我们的使用，所以我们的关注点应该更多的在软件的使用体验上。 像WinRAR、好压、Bandizip等都可以满足我们的使用，但是它们都有相似的烦人的地方，免费版的WinRAR广告特别烦人，bandizip的广告对于一些人来说也比较烦，因为不能关闭，能功能还会阉割，好压虽然是免…,13
329131479,bf4c7f192e3382780f1c27d5df820b79,知乎用户,1,我电脑目前三个压缩软件 1.7-zip 2.bandizip 3.winrar 现在主要用bandizip，自动解压功能非常适合我 7z支持命令行调用并且有现成的脚本，所以没删 Winrar存在的意义就是压缩包修复。,16
327732239,3348aa8bf80ad08a8414ff99d7e759b8,猫叔Vincent,1,winrar烈火版。 没广告，我不是老实人，不要孤立我,4
1284243512,d62c04314c94d9d57bc411dba5f838c6,疯吧123,-1,就是一个聊天软件而已，现在由于，微信 QQ等聊天方式对于刷单，刷流水这些风控比较严格。所以导致很多骗子，会把人引导到新的聊天工具。进行诈骗。所谓的刷单垫资都是骗子。,5
1308864164,6888a21bc4b0e04913a803d8f5096a1c,林益,-1,你好 请问你是过来咨询兼职工作的吗？ 我们是帮京东商城销量不好的商家刷销量的。你平时网购吗？ 有网购经验就好，很快就可以上手的。跟我们平常网购差不多的！ 你多大了啊？公司不收未成年的哦！ 工作很简单，只不过我们这边是做的线下垫付，需要我们自己先垫付商品本金，我们的工资是商品本金的百分之5到10，一任务一结。任务完成 三分钟内。商家会给我们返款返佣，请问你能接受吗？ 我们接单基本是在300元以上。因为垫付商品…,2
1292010602,4d131dec6ad5f1b7216cad09fba45233,淡然,1,很希望大家可以重视。不要轻易去相信这些，要挣钱一步一个脚印的走吧,2
1318977950,736ac37c6618e9a1f315cd5ae377a484,情伤,-1,大家好这确实是一个骗子大家不要相信做一单两单都反现金四五单以上就发大大的给你让你转账噶嘛这些的一千多两千的就不退本金了就要求做多少单这些我做过了让大家不能信我被骗进去一千多 [图片] [图片] [图片] [图片] [图片] [图片] [图片] [图片] [图片] [图片] [图片],0
1317355966,5c6cd3dcd749d72cd8e66dbc95b0f3ac,无望,-1,我被骗了2万7，这个软件就是个骗人的平台，千万不要相信,0
1317337866,092101a54b41b55f74a5da5d257c27d7,骗人,-1,这些片子死了得了。,0
1314773336,ec8c951979abd9b210931f0cbbd9173c,名字,0,这是个骗你刷京东单的软件，骗人的千万不敢着了他们的道,0
1300699096,e4bfd5e5b09ef485ba8b3fa7d0402d27,依 然,0,类似微信的聊天软件，诈骗专用的，对方让你从这个上面联系千万千万千万不要理,0
1291050616,a5d986618ea0ee793e3f020dd733f066,唐思嘉,-1,不知道这个你会不会喜欢 我自己是用了一阵子了，还蛮喜欢的，感觉应该会一直用下去 长这样 [图片] 我觉得还挺简洁好看的，让人一下子想到“Fall in love”（突然感觉自己有点矫情哈哈，明明是个大男生） 我比较喜欢的是这个软件 很干净、人群素质高这一点，从来没有看到什么ghs的东西，也喜欢和有素质的人聊天，而且碰到的都是90、95后，还有些00后，年轻人比较好说话，大家分享的动态也挺有正能量（也有一些沙雕好玩的东西哈哈）孤单或…,32
933744303,c49a7541362ed1ec87ae9d91362f1482,右故,1,emm...，这个问题我也是看到才点进来。怎么说呢，qq虽然也有匿名怎么说呢，但是主要还是非匿名的聊天。 我最近没在用匿名聊天软件，我在用一个叫过客的软件，里面大家都是编号，全是不认识的人。我们可以敞开心扉，以写信为主题，和网上的朋友，聊天。真的像写信一样，还有邮票和信纸。我认识了很多个笔友，真的算一种奇遇最后推荐这个app吧 [图片],65
874535751,fe525670b0067d635df72858ea0efe26,沙漏的酒窝,0,首先说，我绝对不是打广告的，我也没收钱，也没被威胁，我下载这个软件也是自己找的，但是是现阶段最喜欢的一个软件 十个人app [图片] 那天实在无聊下载了很多软件，但是最后留下的就只有这一个。 虽然刚开始聊天的人不多，而且也是零零散散的聊天，有时候我甚至插不上话，但是我还是坚持下来了，每天匹配，每过一段时间就会来一批新人，后来人多了些，也发现了很多有趣又可爱的沙雕，而且来了一个超级温柔超级好的聊天员小姐姐现现。噢…,24
1299889643,6a42b9813a680ad077ce491e93ee72b4,打小就帅,1,我之前玩过一个《小火柴匿聊》的微信公众号即方便又隐蔽而且还很快。 匿名聊天，我觉得既然是匿名就是要那种阅后即焚的，给人一种神秘感也不至于泄露自己的隐私，最主要他方便在哪儿呢，它是个微信公众号，不是APP。 当你一个人孤单的时候想找人聊聊天的时候，首先要打开的是微信吧，微信上又找不到你觉得心怡的聊天对象的时候，直接可以在微信里面搜《小火柴匿聊》进入公众号。 [图片] 快就快在进入公众号不用注册就直接可以匹配聊天了…,2
874222973,6ead0e49fcd1088f179f8630b3f32a18,Skyler,-1,十个人 对，名字就叫十个人。,5
767746507,64d0a001205558c6c062714dc17d1c7f,浅弥,0,谢邀。 我用过的有一罐，脱水，0305，概率论。 0305 人少些，比较冷清。推荐脱水。,1
1137846356,650020dbbf99c29c2590763154325552,大象的鼻子,-1,好多聊天软件都是匿名的吧，有些很火的，但不一定就是最适合你的，毕竟现在广告满天飞，被中遭的人也不少，大家也都是看看新颖准备去看看的。我现在是玩的弥恋，能约会见面，也是比较适合玩的初衷，觉得蛮不错的,1
1168134381,8d1b1f7dad51019b1bb07dd0a7d08136,梦里花落知多少,0,小火柴匿聊，微信的一个公众号，暂时没有软件，最近很火。 [图片] [图片] [图片],1
768011363,fd594aee11be1c81a21ad2c7718d9735,三毛,-1,soul，双目,1
1084713804,912f3cb33cf84ced54dccd170d774671,「已注销」,0,关注公众号就可以聊天啦，不用下载App。验证码:1990 [图片] 聊天的效果： [图片] [图片] [图片],0
1279846122,d1f711ed9e04bea726b479d61dc29489,Clemence,1,喜欢的点赞收藏哦，营销工具20大类，220个工具一次性拿走，收藏着，需要了自取。 一：微信公众号排版运营类 二：互联网运营、营销、资讯类网站 三：追踪热点平台 四：裂变工具类 五：思维导图类 六：高清图库类 七：图片处理工具 八：表情包制作 九：GIF类 十：H5制作类 十一：二维码制作类 十二：在线问卷调查类 十三：文档协助类 十四：微信公众号/微信群机器人类 十五：网站数据分析平台类 十六：识图类 十七：表情包类 十…,26
788379103,6cfdccb5b0d2eb1f7ce5041f36409013,[已重置],0,作为每天要做 n 份 PPT 的小编，真的全靠这十款效率工具续命了。每一款软件都是经过小编长期工作中筛选留下的精华！工作时，最浪费时间的就是一些零零碎碎的活!做 ppt 时候对齐图片，找素材时一堆广告，登录时验证码... 所谓提高效率，就是少花这些不必要的时间。把时间都用在真正的内容上才会出精品。 如果觉得有用记得点个赞再走哦 :)1、 iSlide插件iSlide是一款基于PowerPoint的插件工具，包含38个设计辅助功能，8大在线资源…,3697
795320108,ef107b75e1aaf4025dce59f3d69a4bf9,简道云,-1,如果office是你使用最多的Windows软件，那么这18个office插件，不可错过！ （已加好链接，点击可下载） 1、Word类❶ 小恐龙公文排版助手 —— 作者：小恐龙工作室适用版本：Word2007/2010/2013/2016 [图片] ❷ Word必备工具箱 —— 作者：新浪博主ahzll适用版本：Word2007/2010/2013/2016/ WPS [图片] ❸ 慧办公 —— 作者：慧办公工作室适用版本：Office2003/2007/2010/2013/2016/365、WPS2013/2016 [图片] ❹ notefirst —— 作者：知先信息 [图片] …,572
796031548,f508f14833f52639e8c2dbbbff7d8933,盐选推荐,-1,我们在 windows 上用的一个重要的软件就是 ppt ，ppt 也的确是一个提供便利、提高效率的一个软件。想要进一步提高效率？ppt 的快捷键需要记住。 笔者在工作前 ，不会每天使用电脑，用得少自然不会重视快捷键，实际上也没少收藏快捷键操作大全，但属于「收藏了也不看」系列。直到工作后，发现很多操作可以瞬间完成，而笔者只会拖动鼠标，在左上角单击文件，保存...比起这些重复操作， 快捷键比笔者想象得高效太多了，于是下面…,27
777220071,a9001b5f2f905198b13037980a6424b1,最美应用,0,这里介绍一个打通手机和电脑的神器——Scrcpy 给你们哦！ 因为我想大家工作时都有手机和电脑必须结合使用的经历吧，这个还是挺费时间的，所以今天介绍这个神器就是让你在电脑控制手机，直接在电脑上就可以完成手机上的一系列操作，让你不用来回换浪费时间不就是提高效率了吗？下面我具体介绍一下Scrcpy。 ▎Scrcpy 的优点Scrcpy 简直可以秒杀一切同类应用，包括系统的投屏。 • 不需要在手机上安装任何应用。• 使用简单，…,558
964781864,7aed43357f7eae066d9a84f77cf6589b,指北针,1,干货预警！直接推荐 8 个超强的软件+网站，每一个都是精品，能让你极大地提升工作效率，附安装包下载地址+详细教程，收藏的同时记得点赞哦~ [图片] 想提升工作效率，那么有非常多的方面可以考虑，例如： 自动整理文件、文字识别、快速查找文件/发送信息/批量操作、电脑无效文件清洗、合理利用搜索、合理利用思维导图、截屏便签等等。每一个软件都使用了非常长的时间，帮助我提升了不少工作效率，并且对每个软件都做了一个简单的小测评，…,485
938098679,2138a45d2ae63504b291a7d6c08d80c0,利兄,1,[图片] 今天给大家推荐10个，每一个都用的非常爽！ 电脑文件搜索工具 推荐 Everything这是一款电脑文件搜索的工具，搜索的速度非常快，比Windows自带的搜索好用多了。文件很小，只要1M多，短小精悍型，非常实用。 [图片] 补充：listary Listary也是一款非常好用的文件搜索软件。双击ctrl键即可弹出检索框，输入文字即可检索相关的内容。 [图片] 解压软件 推荐 Bandzip这是一款韩国的软件，不得不说做的还是挺良心的。软件界面简洁、并支持多种压缩…,551
967093762,e3c85e95321538c49d13852df5abdb01,少数派,-1,Windows 作为世界上使用人数最多的操作系统，多年以来积累了许多优秀软件，这些软件可能冷门小众，但是功能却一点都不含糊，快删掉那些「xxx 全家桶」，试试这些高效软件，让工作和生活都更轻松。 nTrun：Win+R 快捷启动工具平时我很喜欢用 Win+R 快捷键启动 CMD 和计算器这类手动寻找需要很长时间的软件，速度非常快而且全程不需要移动鼠标。有时在长长的列表中寻找文件和软件，我就想有没有一个软件能够添加自己想要的输入和对…,159
795648503,363d9fb8dce8d598b1adbe7c32d7316b,见长,1,整理一波效率软件，希望对你有所帮助！01.Quicker [图片] 一款个人开发的效率神器，和我们之前推荐过的一些快捷启动类软件类似。 它也可以通过自定义添加到软件面板中实现快速启动软件、打开文件、网址等，打造自己的常用工具库。 [图片] 而它最大的特色在于快速一键实现多个相关的操作，类似iOS上的捷径。 很多时候，我们在电脑上其实都是通过多个程序来达到目的，比如 复制word里的文字，打开网站，进行翻译或搜索。 使用了quicker之后，这样…,392
795871181,f508f14833f52639e8c2dbbbff7d8933,盐选推荐,-1,[视频] PPT 是我们在 windows 常用的办公软件之一 ，提高效率离不开高效利用 PPT 协助工作。那么 PPT 有哪些高效操作技巧呢？,4
799975262,000b65d49e2a2162e76bba480d00ea34,Jackpop,1,windows是目前使用最为广泛的一款桌面操作系统，因此windows软件也可以说是多如牛毛。其中很多软件虽然知名度不高，但是非常强大，以下推荐10款极大提高效率的windows软件.，文明有“干货”。 我创建了一个知乎圈子：【平凡而诗意】，专注于分享前沿技术、编程开发、实用工具等方面内容，感兴趣的可以首页搜索【平凡而诗意】加入我的圈子，让我们一起玩耍吧！平凡而诗意 - 知乎 QQ学习交流群：10772394871. kite 这是一款用于编程…,332
767428571,4d5fcc6bb7a2f57a09844d3ebda36001,知乎用户,1,1、MikuTools 这可以说是一个 神仙网站，上面集合了77个你在平时的生活或工作中，可能会用到的小工具。 这些小工具分为五大类，分别是 媒体类、图片相关、文字处理、编程开发和其他工具。 以媒体类工具为例，包含图片、视频和音乐下载工具，覆盖的平台有：外国主要的社交软件、Bilibili、TED、抖音、快手、QQ音乐和网易云音乐等，可以说非常周到了。 [图片] MikuTools官方地址：https://tools.imiku.me/ 2、办公资源网 办公资源网，提供了…,25870
796050357,e88619a209fe6c707a20e0a3b30da8a9,邵云蛟,1,推荐3个颠覆你认知的，大厂出品的小众工具，你每天都在用！但却不知道是神器！比如高德地图！ 高德地图真的是一个导航工具吗？不见得！它绝对是一把设计利器！ 01 高德地图提到 高德地图，咱们每一个人都不会陌生，日常用来导航，也可以用来打车，一次呼叫8种车型，非常方便： [图片] 但是，如果你把它仅仅当做一个导航工具，那么，你可能真的小看了它。其实我们可以利用它，轻松做出高大上的PPT地图，小白也可以的那种： [图片] [图片] 也可以用它制作…,20827
889347643,3bfa3fc8be078c4c602c47ca0e7dbafd,大明湖畔的小咸鱼,1,分享12个小众神器，包括在线网页工具和手机APP。 #APP篇#1. 超星 --被忽视的资源 [图片] 说不为大众所知是不对的，学生党都对它咬牙切齿， 知名程度跟某强国类似。 因为学校喜欢让学生用它刷网课，半强制性的那种，以至于大家刷完后就不再使用了...然而...它的 资源太全面了。课程，有图书，还有期刊学术资源，各种教学视频，甚至还跟时髦，有大量的听书资源... 问题的关键是， 这些都是免费的啊！而且在首页，“更多”按钮里面，有N多功…,25290
624840650,ad1d035edb07b505e41eba304c78df04,知乎用户,1,推荐10个堪称神器的小众App，每一个都是鲜为人知，让你大开眼界。 1：简明日语简明日语是一个完全免费并且备受好评的日语学习软件，它以广播剧形式的课程，帮助你学习日语基本语法和实用语句；软件不仅支持安卓版本，也支持苹果版本。 它的课程涵盖不同等级，不仅适用于初学者，也适用于那些希望提高听力和口语水平的学习者。 它提供了 48 个优质课程，每一个视频都是以广播剧形式呈现，以视频动画的形式呈现，你可以边看边听边…,52749
1229060828,61c61cf48fed5013aad4fb0808d1a269,烨在路上,1,1、Typora：一个使用 Markdown语法码字软件，界面清晰简洁，只要你记住几个简单的markdown语法（简单的如1+1=2，熟能生巧），马上就可以duang~duang~duang的开写，所写即所得，它可以作为你记录灵感、随笔、笔记等任何写作场景，很适合专注于写作，你也可以借助它写博客文章进而开通个人博客等等，Markdown语法需要提前掌握。演示如下： [图片] 2、OneNote： 免费，没有烦人的广告，就是纯笔记应用。可以和office套件完美兼容。 ①笔记…,324
577469659,ca543017f72b86792a84c8fbcfe22b49,九章算法,1,推荐一些适合程序员用的软件神器。 一、学习类1、HackerRankHackerRank 侧重于“计算机科学”主题，在算法、数学、SQL、函数式编程、AI 等众多不同领域为挑战者们提供了相应的编程题目。在这里，你可以： 直接在线完成挑战在线。HackerRank 针对每一项挑战都专门成立了讨论区与排行榜。而它提供的大多数挑战都来自于社论，让你了解挑战内容的同时，思考如何提出解决方案。并且除了挑战对应的这篇社论，你目前无法查看其他挑战者…,3403
604585413,000b65d49e2a2162e76bba480d00ea34,Jackpop,1,平时比较喜欢试用各种新奇小众的软件，在此过程中发现，有很多工具虽然名气远不如那些商业工具那么大，但是在功能方面却丝毫不亚于那些昂贵、臃肿的商业工具，让我在使用过程中不禁感叹&#34;真不愧为神器！&#34;，在这里，我推荐10款不为大众所熟知，却堪称【神器】的工具，文末有“ 惊喜”。平凡而诗意 - 知乎 我创建了一个知乎圈子：【平凡而诗意】，专注于分享前沿技术、编程开发、实用工具等方面内容，感兴趣的可以首页搜索【平凡而诗…,3197
594133466,06e01833da143250bd3c45b8c7a4f4b4,惘闻,0,医学类逆袭学姐强答！初高中大学生适用。 给学弟学妹分享几个简单却超实用的小众神器。逆袭到专业第三不是吹滴，成绩看下图。 [图片] 1.可可英语这个一定要说，我之前过四六级、拿英语竞赛一等奖基本靠看可可的短视频（平时积累）。我最喜欢它每天更新的短视频，就一两分钟，提供新词和解释，能调语速，看完还有测试，帮助记忆～ 我反复看一个视频，比很多同学一个劲看很长视频记不住重点好。大一大二趁着高考余热一定要多学英语！来自…,3755
702990721,7aed43357f7eae066d9a84f77cf6589b,指北针,1,作为一位 Office 发烧友，使用过非常多的办公软件，借着这个话题给大家推荐11个办公神器，有在线使用的，也有软件安装的，都是非常轻量级的应用， 文末已经帮大家整理好软件的安装包集合了，可以大大提升你的工作效率~01. 这是一个只要拖动两次鼠标就能光速完成抠图的智能在线工具，在保留部分画一笔，在去除部分再画一笔，3秒立得抠图成品。对于人物抠图处理有贴心的细节处理工具辅助，调整边缘、修边工具、发丝处理一…,3188
894112141,36f69162230003d316d0b8a6d8da20ba,量子位,-1,给大家分享一个绘图神器吧。 名为 http://draw.io ，打开网页就能使用，支持中文版，也不会给你上水印。不只是能让你创建空白图，官方还提供了133个模板，覆盖了商务、工程图、流程图等13个类别。 [图片] 看着很复杂？但上手简单。 上手实测想要创建什么类型的图，直接选中模板创建就可以了。 [图片] 整个图形编辑界面，也比较简洁，画布是虚线网格图，移动的时候立马出现标线，不怕你对不齐。 [图片] 从上面这个动图中也能看出，图里面的各个组…,1612
784071832,9b1ad01b5c5d5b8cfb903519327997eb,针尖对麦芒,0,不整那些花里胡哨的，我要推荐的8款软件绝对实用～ 特别是对于学生党、工作党... 说开始咱就麻溜开始 (๑❛ᴗ❛๑) 1.小睡眠——助睡眠神器工作学习压力那么大，拥有较高的睡眠质量简直太重要了！ 小睡眠使用 白噪音、助眠曲来帮助我们入睡，我除了睡觉前用它，大脑累了需要休息的时候我也会用～想象一下小猫打盹的声音... 夏日的虫鸣... 泥炉的滋滋小火... 好吧其实我觉得最催眠的是数学课哈哈哈 [图片] 除了这些，还可以 …,61168
614263347,fd4cda1c3f807c3ca1787b999a8adc15,书荒菌,1,本回答可能是全知乎最硬核的冷门软件推荐合辑了，目前已推荐 20+ 软件，我敢说至少有 10 个是你从没听过的。 但请相信，这些软件一定可以对你的生活、工作和学习带来巨大的助益。 ▌ 1. （Web、小程序）最近经常用的一款在线设计工具。 Fotor懒设计是一款在线的平面设计、图片编辑工具。可以让不会使用PS的人也能快速设计出一张不错的图片。 [图片] 这里有很多可商用的模板、素材，比如海报、公众号封面图、名片、简历、logo…,26833
872253508,a8812f0a22c97bf1dfd6f390bad81722,打浦桥程序员,1,推荐一个工具， 从图片里提取曲线原始数据。不多说了，直接看视频吧。 我很纳闷，之前很多人跟我说，不要造轮子了，用getdata就能提取曲线数据。 可是我不觉得我这是在造轮子啊！我喜欢用自己写的工具，而且我觉得自己的工具比getdata好用啊！ 我写的这个工具很不火，目前百度云里显示，也就只有2400的下载量。 这个工具是用MATLAB写的，叫HaoCurve，写论文的朋友如果有需要的话，可以到我的公众号下载，关键词是“ 曲线数据”。…,4049
786523839,2f8d4b612a318edccce76971c9566c67,帆软,-1,软件爱好者不请自来，直接放10个办公软件，不火倒也谈不上，但是能够提高工作效率，文末还有其他工具推荐的链接： 1、 Power Map这个在知乎上安利很多次了，微软官方出版的一个3D数据地图插件，包含在线地图+在线演示+制作视频等各项功能。可以基于Bing地图绘制可视化三维列，包括气泡、饼图，热图和地区的数据，之前的一次回答中已经演示过了。 [图片] 2、这就是一个Excel偷懒的工具，将一些常用的需要写函数或写宏的…,1066
760616738,46096497f0a7c61d206632ffebca342e,冰糖酒漆,0,那必须是win10自带逆天视频剪辑软件——照片！很少人知道它也能剪视频，简直就是软件中的宝藏男孩！从第一次用我就深深地爱上了它，而且是免费的！（功能上）拳打爱剪辑，（价格和难度上）脚踩Adobe！疯狂打call ！今天也是为照片流泪的一天！各位盆友，走过路过pick一下吧！ [视频] 上面这个是电脑自带的示例视频，用来展示不同的主题。基本一点的字幕啦，切画面和BGM自不必说，最厉害的还是轻轻松松的踩点操作！ [图片] 首先我们打开照片，新…,813
799386504,329b3eda7922f0995facc4f177625039,三顿,1,只推荐一款软件，但它是我使用过的软件中 最好用的效率神器，一点都不夸张！（软件名字叫做Quicker，某度搜索就能下载，免费免费免费） 在日常使用各种电脑软件办公时，有很多我们天天都用，但每次 实现起来比较复杂的操作或技巧。 比如三顿作为一名PPT设计师，经常需要美化各种表格和图表，操作其实都有固定的套路，选择表格的样式，对表格文字进行居中，但表格一多，每次都要重复一遍，特别麻烦。 而这款神器帮我实现了一键美…,1820
753279072,150429438fafd91d2143e9a4f727b75a,猫猫爱软件,0,硬核推荐：超好用！无广告！性价比高！不占内存！共12个。 （链接已附上，直接打开即可） NO.1 电脑必备工具everything（地址：www.voidtools.com ）适用：本地文件积压太多，一时找不到 其实这款软件大家都推荐得很多了，闪电搜索电脑文件~ 不过我看到很多人截图都是英文版，everything是有中文版中文版中文版的！英语不好的小伙伴们不用担心~ [图片] 打开官网拉到最下面，下载就行了：（安装的时候语言模式选择中文） [图片] 火绒（地址：www…,3494
1149885066,dfc843a7d90a8a220eff2b06bdf09c57,什么值得买,-1,[图片] 9款神级还免费却鲜为人知的良心软件，每一个都让你惊艳！ 1. 幕享-免费投屏神器 幕享 是一款支持安卓、iOS、Windows、Mac等全平台全设备的免费投屏神器，只需要同一个WiFi网络，便可以轻松实现投屏。当前支持的功能有：手机 投电脑、电脑投手机、手机投电视 、电脑投电视，电脑投电脑等~除了具备画面高清，播放流畅这些投屏软件基本素质外，还支持投声音，经常用投屏的小伙伴应该懂这个有多刚需！！！除此之外，软件还自带截图、录…,668
685191132,6f216306aa3b7dccd566c8ff197300ff,实验楼在线教育,-1,我的大伯，是个生态学家，一辈子兢兢业业扫黄打非搞环保。 晚年想归田，被无辜打死。 我叫灭咩咩，这是我给大伯做的遗像艺术照： [图片] 这种艺术照，叫晶格化图片。 是不是很好看，看完让人很怀念紫薯头！！？手机自带各种拍照特效，但是丑到从来不用。下面这个晶格化特效一定会让你眼前一亮，做微信头像，做照片墙都非常不错。 我叫灭咩咩，这是我给我女朋友做的艺术照： [图片] 软件地址： 。 我叫灭咩咩，小时候经常跟大伯去玩，种树治…,2100
974550040,81e804dd4f77e723a8eb46dffb37c8e3,忽如远行客,1,看完本答案，将省去你80%的时间找各种软件，这次我把家底都掏出来了。 答案较长：先列个目录，每个工具都至少有两个，极少数的有一个。这些工具里，95%都是免费的，值得付费的东西，我才会拿出来说，好了，下面开始： 系统工具 自律相关 截图软件 图片软件 视频软件（包含剪辑软件） 浏览器 录屏软件 OCR工具 chrome插件下载 pdf处理 文件转换器 在线ps处理 gif编辑 图片压缩（都是免费的） 图片无损放大 在线抠图 临时邮箱 临时…,4887
1266262307,0bb4995fdf6044b4fdc99486e62c1e5c,坚果云,-1,挑选了几款主流的手机 PDF 阅读器，希望可以帮助各位 测试平台：三星 S9+，内存128G01：Adobe Acrobat Reader [图片] 收费：9.9美金/月 平台：Android、iOS 综评：众所周知，PDF 这种格式便是由 Adobe 公司研发推出，因此 Adobe 推出的移动端阅读器 Acrobat Reader 无论是流畅度，还是渲染效果都挺不错，签名和注释也堪称完美，打开较大体积的 PDF 稍慢，不支持删页、合并 PDF，编辑、导出等进阶需求，需要购买会员，且价格较为昂贵（9.…,14
1237124436,11af324411cda664ddce25436cacaf17,嗨格式PDF转换器,-1,这里介绍几款Android平台比较好用的PDF阅读器： 1、Google PDF ——最简洁的PDF阅读器，没有之一软件类型：免费 功能特色：除了阅读与搜索，就没有其他功能。批注、文字重排、自定义裁边？不好意思没有的~毕竟它只有5M。 [图片] 2、Adobe Acrobat Reader——国际大厂、官方认证软件类型：免费，进阶功能付费 功能特色：功能完备，批注自不必说、阅读模式可以选择“单页阅读”或“连续卷动”，还有流行的自动重排功能，兼容性有保证。 [图片] 3…,6
349711146,0,匿名用户,1,最好的是安卓手机PDF阅读器是【智器阅读】，没有之一，这款阅读器对PDF的解析能力超强，几年前用诺基亚XL4G很低的配置打开几十MB甚至上百MB的PDF也是秒开，翻页非常流畅，看的出来写程序下了一番苦心，可惜这个阅读器几年前就停止更新了，对新的安卓系统支持不好不能读内存卡里的书了。 [图片] [图片],41
1292461839,3293b3bd63803ffad314194c2309e555,蜘猪侠,-1,市面上主流的PDF阅读器我基本上都下载研究过，只不过有些App做的实在让人无法接受，都果断卸载了。最后只保留了一些相对来说比较好的分享给大家，其实以下产品对于使用PDF基本功能的用户来说完全足够了，无脑选择即可。但既然拿出来分析，我们就将这些做一下对比。 对比主要集中在以下几个指标: 功能集合 界面交互 渲染效果 性能速度 收费情况 平台支持情况 Adobe Acrobat [视频] Acrobat仍是PDF行业的领先者，因为标准就是Adobe公司制…,7
405233323,93f44a85b29f4baca591cc17df2db05e,今晚打老虎,1,我认为迅捷PDF阅读器好，安卓苹果手机都可以，占用内存很小，阅读体验很好，打开速度很快，功能有2个这里我介绍ocr文字识别。 1、苹果手机上可找到百度进行软件下载，点击搜索该软件的关键词迅捷PDF阅读器，下载安装至手机上 [图片] 2下载之后这就是软件主页面啦，大家重点看软件，忽略壁纸 [图片] 3这里是新增的小功能，分别是PDF编辑器和ocr文字识别，这里我们介绍ocr文字识别 [图片] 4这里可以选择拍照识别和从相册中选择，这里我们选择拍照识别 [图片] …,9
189883483,80e6a1b233edc977d861a204094ad7bf,面包片儿,-1,个人觉得轻快pdf阅读器挺好用的，安卓和ios系统都可以使用，并且免费。 下载方法： 只要到自己的手机里的应用市场，搜索软件名称就能找到并将其下载； [图片] 使用方法： 下载完成之后只要打开软件就可以使用。 [图片],8
1035092910,5728878ef885bf8d5b34c0d26feb394d,庖丁AI,-1,最近新上线了一款阅读器，开发在微信小程序的，文字看着的效果很大，不像其他阅读方式的效果，可以自己调节字体大小，很好用几秒就打开了，支持微信传输文件和手机本地文件，小程序名字：PDFlux，感兴趣可以去搜索来看看。 [图片] [图片],4
1223770480,fa1985d9b874111836788bced899b80e,豆哥君,1,再也不用担心PDF文件手机不好修改了！ 【软件名称】: PDF处理助手 【软件版本】：1.1.1 【软件大小】：18.41mb 【支持平台】：安卓(Android) 【测试机型】：小米mix2s 【软件介绍】：PDF处理助手app是一款有关PDF文件处理的应用软件，有了PDF处理助手这款软件，用户就可以在手机上直接处理所有关于PDF文件的事项，在PDF处理助手软件这里，用户不仅可以一键拍照并且转化为PDF文件，还可以转换文本，用户还可以很方便的查看自己使…,1
1216648007,7db11ce582dc0ced05654eba87bbb5ff,SuJiahui,-1,看我的回答。,1
163804496,3f48adb4ceb210ff2e5948ccc7fdfa94,水月灵仙,-1,"用大屏电纸书看pdf,手机费眼。",3
921737658,b3cf3a710cc8cf78c2e3482edf2aa145,虎课网,-1,用Excel就可以做！具体操作的视频教学可以点链接学习！Excel2016-甘特图-带实际实施对比的动态甘特图实例 1.打开【Excel】，【甘特图】包含：开始日期、持续似乎、完成日期，【录入时间】方法：按【Ctrl+Shift+；】，【计算时间】使用【Time函数】，如图所示。 [图片] 2.【框选】数据，选择【插入】-【二维条形图】堆积条形图，打开【设置坐标轴格式】勾选【逆序】类别，打开【设置数据系列格式】-【填充】无填充，【最小值】40604，如…,83
342514678,970a04185e94c98495df59b05c205e44,陈诗诗,0,我觉得日事清挺好用的，是日程管理，偏团队项目合作用的软件。 它的甘特图长这样 [图片],29
952491195,e060001a5c54749aa6edaee3884c0a80,Mia Tang,0,话不多说，先上图，感受一下 ONES 清爽的甘特图界面~ [图片] 除了好看的界面，ONES 当然还是一名实力选手，毕竟好用才是王道。 在 ONES 系统内，甘特图有两种类型，一种是 ONES Project 里的组件「甘特图」，用来监控单个项目的进度。支持直接将需求、任务等工作项直接导入甘特图，再也不用一个一个手动添加。而且 ONES 的甘特图还支持按不同的时间跨度查看甘特图进度，有助于把握整体项目的完成情况。 [图片] 还有一种是 ONES Plan 里的甘特图…,16
351931742,a8d33bcd1832b5ec54569447c03148a9,anytao,1,甘特图（Gantt chart）是通过条状图来显示项目任务随着时间进展的情况，让项目管理以甘特图形式快速制定项目计划，将项目分解为不同粒度的任务，并以时间视图展示，让项目可视化，可多人协作编辑或查看，进度一目了然。 [图片] 甘特图的要义在于 直观展现简单帅气的甘特图软件反应在产品上就是 简单、醒目同时便于编制。简单我们可以有多个解释：方便查看相应任务及详情，随时添加或删除任务，多种形式的任务筛选，随时更换或添加负责人…,43
73304758,97f6498160b050727977ad80c9e00842,古侯子,1,我自己用Excel做的甘特图模板，使用分组和条件格式做的，见下图： [图片] 下载链接：http://www.houqun.me/articles/project-plan-template-based-on-excel-2010.html,158
131285940,0,匿名用户,1,再简单帅气的甘特图也阻挡不了项目任性延期的步伐、、、,117
663777871,3cf9d202df4683e2c1e5b38c30f7cacb,十亿,1,有啊，推荐题主可以试试 Worktile 。甘特图一直被认为是种很好的监控项目进度的方法，尤其是项目多的时候，更是可以方便快捷的了解项目详情。 Worktile是一款将项目管理与甘特图很好结合的软件。 首先，Worktile支持多项目同时管理，有多种不同的项目模板，适用于不同的业务场景。 [图片] [图片] 并且，Worktile的【时间】组件以甘特图的方式展示所有任务。 [图片] Worktile时间视图能展示所有项目及任务，视图支持筛选。 [图片] 除此之外，【日历】组件能…,10
900818104,b30ea097c83331475c78f3c20a24ca75,评测小达人,-1,早点明白这个道理受益终生：大多数情况下，你和所谓的“大神”差距在于是否能够找到最适合自己的武器来应对这个世界的兵荒马乱，让你披荆斩棘、无所畏惧。 面对一团乱麻的工作时，该如何合理地安排 时间和任务，将问题又快又好地解决呢？在此，强烈地推荐试一下 “甘特图”绘制软件，带你走出时间管理的误区。甘特图一句话解释即：将需要完成的任务和所需的时间通过进度条的形式展现出来。 [图片] 5大甘特图工具优劣对比1）Excel这次出…,40
834300297,ca7e3174027d54db327d0ade9bc3708c,轻流,-1,来啦来啦，轻流刚刚上线了甘特图功能，看看是不是你想要的！ 这样： [图片] 或者这样： [图片] 动态的效果是： [图片] 那么这样的甘特图做起来难吗？ 轻流 告诉你非常简单！！！你把基础的数据通过表单的形式录入 轻流 之后，只需要在「自定义报表-数据表」 中勾选「甘特视图」： [图片] 然后设置甘特图的基础信息： 维度（最多可添加3个）开始时间结束时间 [图片] 保存设置并保存报表就可以啦，是不是超级简单！！！ 我们都知道：甘特图是主要通过条状图来显示某些时间…,7
12818754,4bbf66757e47634319096256bcfc2886,Bloodyxu,1,OmniPlan是目前为止我认为最简单帅气的了,22
563811670,6c7d7f3c917116039b641ccceb66597c,知乎用户,1,当我发现360才是我的渣机开机变慢的罪魁祸首时我愤怒且懊悔地卸载了它。 然后似乎是在知乎上我看到了火绒，就随便用用了。 然后发现了火绒的拦截弹窗、自启动控制和hosts文件修改（已下线）很方便。 而且安静也不会拖慢电脑。 期间遇到个流量统计的小问题去官方论坛反馈很快就有工程师联系我。 于是我美滋滋地四处推荐这个不一样的国产杀毒，现身说法，另一方面算是对360的小报复。▼_▼ 还有件事，之前的火绒打开浏览器保护后会…,4264
560737428,208091a2dc7b8b3293c019c5e07b1248,知乎用户,1,我说一个自己亲身经历的例子： 我一直装的火绒，也是别人推荐我的 上周在网上碰到了一个病毒，火绒杀不了，不停地还是改浏览器首页。 于是在火绒的论坛发帖求助，那天是周日，不到5分钟就有运营回复加QQ。 加QQ后立刻拉我进去一个包括他们技术、运营的讨论组，然后让我装一个teamviewer远程。 他们技术远程操作帮我解决问题，提取病毒样本，哪怕是周日，全程从我报病毒到解决问题，不超过30分钟。 我就一个小的免费用户，也不是…,6734
561503327,8fc34b88c661e34e8c68c9153231292a,我要上春晚,-1,因为某卫士和管家好比魏忠贤，关键词：武功高强，宦官当权，把持朝政，栽培党羽，肆意妄为。 而朕真的只需要一个带刀护卫 ---更新--- 告诉大家一个小诀窍：谷歌浏览器插件好用，但如果一直弹出“请停用以开发者模式运行的扩展程序”，可以用火绒的弹窗拦截一劳永逸的解决掉哦。。。不用下载乱七八糟的补丁、破解。,1674
851278503,4915bd617f1c70cfaf8e3fdf11c0d793,「已注销」,0,这个我一定有经历说！！ 火绒的工程师真的敬业！！ 我的电脑被学校的成绩系统搞崩溃了，只要开机，不到一分钟就会自动关机。前一天晚上在微博上私信火绒，第二天早上运营就带着工程师联系我了，然后工程师用安全模式远程搞了一天找到了问题所在，帮我弄好了，维修的途中也及时用QQ联系我，真的非常耐心，关键是分文不收，我过意不去就在官网捐了一点款。虽然火绒还很弱小，和360，腾讯这些大佬比不了，但是这种服务态度真的爱了…,4225
778189583,150429438fafd91d2143e9a4f727b75a,猫猫爱软件,0,17年的时候，火绒硬刚了腾讯。 [图片] 原本以为是一场撕逼大戏，结果腾讯很干脆地出来道歉： [图片] 真是amazing。 所以火绒到底如何？ 一、病毒查杀喝口茶准备和你们侃侃的时间，火绒就把电脑扫描了下： [图片] 二、防护中心大多数开着就没事 [图片] 三、家长控制对我而言没啥用处，请出一个单身狗版杀毒软件： [图片] 四、扩展工具很简单的8个扩展工具： [图片] 右键管理，简单实用： [图片] 窗口拦截，真阻挡财路，腾讯360各种中枪： [图片] [图片] 知乎上也有对火绒的评价，整体也是偏正面：火…,5289
558799521,95f13f673d8acfebada1d8cad0496222,zhou,-1,是因为我的旧电脑带不动360的新广告了,3200
557806709,a8fa90b8ec85d939cc86d9a218eab726,黑桐切嗣,1,火绒干净。 火绒虽然免费，但是你要企业用，管理起来就很麻烦。 你想管理怎么办。 诶，恰好它有企业版，那个就不是免费的。 火绒经常发一些新闻，解决了啥啥啥地方政府，啥啥啥机构内部的病毒问题，一看就知道是做的企业服务嘛。 个人钱好赚还是企业钱好赚？,882
1237564124,546e66ccb35b7de900a58b661631bd46,史中,1,火绒是一个有洁癖的杀毒软件。他们固执地相信杀毒软件只杀毒，其余的事情不能，也不应该做。这和以免费杀毒吸引用户进而用广告把钱赚回来的360形成了鲜明的对比，进而成为了理想对抗现实的一种力量。火绒的理想国不一定会实现。但有他们的世界，比没有他们的世界更好。 两年前，火绒关停了流量业务，我就去找马刚聊了聊，当时还写了一篇文章，感兴趣的同学可以看看。 火绒关停流量业务，我和马刚聊了聊文|史中 2018年3月5日，安…,6764
1171665250,363d9fb8dce8d598b1adbe7c32d7316b,见长,1,国产之光？火绒是不是被吹过了。。_哔哩哔哩 (゜-゜)つロ 干杯~-bilibili 火绒安全 [图片] 没想到已经安装485天了，而在这485天里它的存在感其实并不强。 因为它只会在确实有侵犯到你的电脑的时候进行弹窗提醒，而不像有些同类软件经常弹弹弹。 而火绒所提供的杀毒防护、垃圾清理、弹窗拦截等功能也是满足了我们绝大多数的日常需求。 [图片] 当然，和第一期的格式工厂一样，如果你没注意的话也会错过一个更好用的火绒。 如何让火绒更好用呢？众所…,1261
742946664,0,匿名用户,1,10月25日更新！太好笑了，我要把它写在顶上！ [图片] 说下原因吧。。 1.一键安装，没有乱七八糟的捆绑软件 因为管理的电脑跟多，很忙，所以能少点几个步骤是最好的！并且7年前的电脑真的内存不够用，再跑点垃圾软件医生要喊报废了！所以，一个离线安装包，点了安装，不需要小心翼翼的取消捆绑安装的勾，没有捆绑软件太幸福了！(因为医院各种系统没有整合，对浏览器兼容性要求很高，我还在用360浏览器9.x，这个浏览器一切弹窗皆可关，一…,2001
154422822,f0af987f2738eedbe1977dc7714336be,陈小唯,0,多图预警！非Wi-Fi勿入！ 下面介绍一些实用的，容易操作的，界面简洁明快，免费的时间管理类的App！ 作为一个重度App下载狂，下载过几十个时间管理类的App，删了又删，最后留下这些！ 一，记录每一项任务累积花了多少时间的App 1，ihour 就是可以记录你每一项任务（目标）花了多少个小时的神器，比如累计拉琴968个小时什么的！ [图片] 功能： *每日记录 所有事项归整一处，方便记录该事项每日，总共投入 [图片] 还有各种里程碑可以激励我们噢…,7052
499364888,d99d8e35e7f704c6f0aa7aee193dda9a,千金难买少女,0,我花了一整天试用了10几款时间管理工具，应该有你想要的那款。 [图片] 不做手机控时间记录准确，界面简洁，带走番茄钟，强制屏保，统计等功能，并支持高级定制。 [图片] [图片] [图片] [图片] 应用计时时间记录准确，功能简洁，界面略丑 [图片] [图片] [图片] 屏幕时间助手时间准确，功能专一 [图片] [图片] 24pi 无法准确计时 给了权限，也重启了手机，但是仍旧没法准确计时，红米note5，其余型号可能能用。 [图片] 块时间无法删除添加的时间块，只能用其他块代替，选中的时间块会全部被填充，不小心就…,729
285356464,e3c85e95321538c49d13852df5abdb01,少数派,-1,Life Cycle Life Cycle 一款时间记录工具，它最大的特色就是自动记录你一天的时间分配。你不需要额外打开 app，它会默默地在后台，一直记录着你这一天的时间分配。 [图片] 时间块对于「健忘症」患者来说，每每忘按「开始」「停止」，应用也就成了摆设。时间块放弃了「实时」统计，它将一天按半小时分为 48 块，事件以块为单位可以在任意时间进行填充。这样的方法虽然不够精确，但胜在不受时间限制，不至于丢失一整段时间记录。如果先前几…,474
154560123,2ec3d3881a9c2c893f02c9317ffe227a,眯眯眼是夜猫子,0,用过很多时间管理类的软件，我觉得这类APP的基本要求是： 使用灵活，有云同步，各平台同步，可以多人共享，功能不一定要很多但是一定要好用，统计数据方便。在这里推荐几个我觉得比较好用的APP吧，每个APP的优势不同，大家可以根据自己的情况选择使用。先上提纲： 1. 时间统计类：番茄钟（嘀嗒、潮汐、番茄土豆）、iHour 2. 任务计划类（365日历、日事清、my week、） 一、 时间统计类 这类APP主要是为了记录在一个项目上花费的…,1411
270170050,c7a1637e9da6a725dd7ca48662c92c16,百阳,1,本人 亲测过近20多款“时间管理”类的app（高赞回答中的app几乎试用了个遍）付费了4款，免费的用了一堆，下面我只推荐“真的好用的！”，并且会说明原因，还会做必要的介绍，供你参考！先放些“证据”： [图片] [图片] 一、时间记录类只推荐一个： aTimeLogger2 [图片] 推荐理由： 1.最小时间精确到“1分钟”（这是强迫症的福音）然而像“iHour”、“时间块”这类app，最小时间要么是“30分钟”，要么是“5分钟”，比如我用“iHour”做记录，我花了1小…,740
175885291,6e3a82f6d9fb9b61649e591a843f8f83,麦沝,0,下面是一些 实用性强、操作简便的时间管理类app。具体分为 时间记录、日程安排、待办清单、专注、习惯养成五个类别。每个推荐的app都会注明 ios和android是否适用，以及是否免费。除了其中一个app的升级版我没用过之外其他都用过， 亲测好用，推荐给大家！ 一、时间记录 1.iHour （仅ios 免费）一个帮助你规划、记录自己时间投入的 app，比如记录「背单词多少小时」「看书多少小时」等。 [图片] [图片] 能记录每天不同项目投入时间，设置定时…,258
582339991,90600a434f7b0820d1e618ef98247e87,邹小强,1,楼上的知友们推荐的APP我觉得有两个问题： 1、太多：你们推荐那么多APP，不是摆明了要把题主搞晕吗？！ 2、光给工具没给框架：推荐的大多数APP都集中在如何管理事情，但却很少提到精力管理相关的工具，而精力管理也是在时间管理框架内的我来分享一下我的时间管理装备，楼主可以直接拿去用 首先，我的时间管理装备分成四类，其实也是做好时间管理需要关注的四个方面，每一类用一个工具就好： 管理事情：时间管理管理的是事情，包…,278
220816559,c12421d25af1692a3955868d62e0926d,我说咸鱼你说No,1,本人用过几十款时间管理类APP，在这推荐7款中文、免费、最实用的！！！ 7款产品分为3类：手机管理APP、精力管理APP、任务计划APP 介绍每一类APP之前都会写一些自己的感想，不喜欢的朋友可以直接看APP介绍~ PS：文末有福利一、管理你的手机 在这个时代最浪费我们时间的就是智能手机了，朋友圈一刷就刷一个小时，看看知乎不知不觉就邮过去了一个小时。很多人都说把这些社交软件都卸载了，你就不会再浪费时间了，对于这种言论，我只…,374
36676266,906307e7c08ba23ff1633e68b0e5e79c,森尼嫩豆腐,0,===第一次更新=== 我终于来了。。。昨晚出去吃了个饭，懒癌就犯了，拖到今天才来更新。各位见谅！！！！一定要继续给我点赞！！！受到鼓励菇凉我会再回来更新的！！！一言为定～ 8.可以设为锁屏背景的笔记 NOTE‘d（iOS） 一款萌萌的笔记软件，有个小细节让我钟情于它。 你可以创建很多本笔记本用于保存不同的笔记。我收藏整理笔记大多用印象笔记来完成，所以这里我只创建了两本。…,1273
282170982,4a52880b1ab89f51f7c4f4e32c1fa301,酱子牙,0,推荐一个，Life.Do，好像还没有人说到。 [图片] 它的前身相信很多人都知道（是前身吧？），Left.，非常简单又恐怖的一个app。 第一步：设定生日 [图片] 第二步：显示你还剩几个月的生命 [图片] 第三步：用小方格直观地展示给你看，585个月究竟是个什么概念 [图片] 那一瞬间是不是吓死人？！！！！ 反正我当时是的，后面就没感觉了，反而觉得还有那么多灰色格子呢！ 以上就是这个app的所有，简单又粗暴，我知道。谁要放这么个吓人之外没其他作用的app在手机里…,319
1243338184,f0cbdcd3cb4ede46adb80ff7cc963b52,赛先生思考,1,强烈推荐近期限免的Drawboard PDF，以及本人在知乎尝试了很多知友们推荐的PDF阅读软件，也遇到了很多坑，现推荐一些亲测的好用的PDF阅读/编辑软件。 第5次更新：在文末更新了几个PDF相关的在线编辑网站，以及重度依赖记笔记的同学建议尽快上手Drawboard PDF；轻量级阅读的朋友，可以尝试一下国产的，简洁好看，集成格式转换压缩合并等功能！我是 ，公众号“赛先生思考”，认真推荐~ 1、Drawboard PDF…,1517
728866331,0fb96a246cad3b61a121a1837fe939a1,知乎用户,1,是不是“最好用的”不好说，但用起来还不错的确实有一些~ 下面把 PDF 相关的工具和网站一起分享了，不止包括 PDF 阅读器，还有 PDF 转 Word、扫描文件转可编辑文档等，各种实用工具和在线工具箱都有。 # 1. Sumatra PDF官网：https://www.sumatrapdfreader.org 功能：阅读平台：Win一款 超轻量简洁的 PDF 阅读器，绿色版无需安装，启动快速，支持多标签页和目录。纯阅读器，不支持批注编辑等功能。应该是最轻巧简便的了。格式支持…,1418
369170019,8ec06cddf3f7a80cb60e48c010892585,Brandybuck,1,[图片] 介绍几个比较好用的。 #0 Drawboard PDF：限时免费感谢 @赛先生思考 的回答，Drawboard在Win10应用商店限时免费。Drawboard更适合触摸屏和电磁笔手写，但是启动速度超级慢，文字渲染也不够清晰。#1 万兴PDF专家（PDFelement）：高效工作 PDFelement 功能齐全、极其易用、界面美观，是目前（2020年4月）用过的PDF软件中综合表现最好的。 优点：简单易用，操作界面友好UI美观，注释整洁付费版的文档编辑功能强大免费版足以胜任各种…,791
1258687472,4fdd1e462d198ac474c5ecd1ae82c2fe,李大颖,0,测试了20多款当下最火爆的PDF阅读器，挑选出了这5款最好用的！ 文末有这5款软件的测试详情对比图哦~ [图片] 1、Edge一个功能单一的PDF阅读器。 如果只有阅读需求，微软的Edge浏览器就可以实现，完全不需要下载软件。 当然Edge也有简单的标注功能，但也仅有圆珠笔和高亮，其他就没了。 [图片] 阅读体验：⭐⭐⭐⭐⭐ 占用内存：win10自带 速度：秒速打开 特色：仅阅读 功能：阅读、高亮标注、圆珠笔标注 2、DrowboardPDF一个完全免费的…,197
975095537,2d5ea74c137cdc19d9c4652ed92cbf8f,万兴PDF专家,-1,最好用有点夸张，好用是真的！ 万兴PDF专家 一款比较专业的pdf编辑软件，主要为用户提供了强大的编辑功能，改变PDF文档中元素的样式字体等；同时支持强大的OCR光学识别引擎，可以极大的提升文字的识别率，完整的保持文字的样式！ 另外还支持PDF文档转换功能， 可以把PDF文档转换为Word、Excel、powerpoint、Image图像、EPUB电子书、Html网页、TXT文本或者RTF等格式！而且因为OCR技术的支持，可以让转换后的文档完整的保持原有的风…,202
339545493,94a22fc419f7a5391347341a6c5658a3,瓦力,1,20191128 已经找到比知之阅读更适合的软件啦 BookxNote电子学习笔记软件 初步体验下来，应该是windows上最能对标 Marginnote 的产品了使用体验待更新… [图片] 推荐一个阅读书籍、报告等较长篇幅，需要批注、笔记的阅读软件，好用到想给作者打钱： 知之阅读 - 基于读书笔记的知识管理软件 - 主页 [图片] [图片] [图片] [图片] 2019.11.20 新版本支持了富文本笔记，增加了笔记粗思维导图式的呈现方式（还很粗糙，不能自己移动或添加） [图片] 使用1年之后总结一下知之阅读的优…,290
208627508,2238139008c6e7c62ed6bd537786c338,shfanzie,1,"Sumatra PDF is a PDF, ePub, MOBI, CHM, XPS, DjVu, CBZ, CBR reader for Windows. [图片] Free PDF Reader - Sumatra PDF + Foxit Reader V4.3",45
22707950,dacefc5f2719cd2d933f166a6cacc506,潔束,1,PDF-XChange Viewer 实用常用编辑 极速PDF阅读器 阅读,96
1258415148,e8b4d015f70ba41ba75d2993093b681b,迅捷办公小助手,-1,迅哥来好好介绍一下本家产品，和 PDF 直接相关的就有俩工具，功能不同，轻量方便，无论是在PC 端还是在移动端都可以享受所带来的便利，有需求的小伙伴按需选择就可以啦。 1.迅捷PDF编辑器别看它名字叫 PDF 编辑器，把它作为一个阅读器是绝对没有问题的，甚至是你想更改一下里面某个字，或者添加一下心得备注，它都能轻松帮你解决问题。 [图片] 迅捷 PDF 编辑器全部安装下来，大小实测仅有 75M ，不是什么冗余庞大的工具，但是它麻雀虽小…,76
22708504,0,匿名用户,1,功能： foxit、adobe全一点吧 阅读体验： 暂时在用calibre管理、foxit阅读 内存： adobe最大，其次foxit，最后kindle for pc 速度： kindle for pc 最快，其实也都差不多 特色： 期待他们能玩出花来吧~ --- Adobe Reader： [图片] 传统阅读器 Foxit Reader： [图片] 偏于win8设计 选项颇多，但对于阅读来说过于多 ---…,61
1241252871,94ec5ac8fc27b6e18fb6879de8fdb50b,凌声潇潇丶,1,首先得表扬一下题主这个问题问得好啊！说明版权问题越来越被人们重视了。这也对得住那些正在用心制作软件的程序员、工程师。 记得有个行业大佬曾说过：“一个人当前状态的好坏通常是由他五年前的选择所决定的，那么如果你真的想自己五年后的状态很好，那么从现在开始你就要开始筹备了，首先我觉得千万别想着去干什么大事，都先想想怎么做好一件件小事。”每天写总结日记，这件事特小，但是特别能提升人的琢磨能力、反思能力，也…,38
1246918335,3de8f11ff26e245bda0d0049cc806da9,永中PDF,-1,1.现阶段免费使用的PDF转换工具软件 点击右上角注册登陆，抽取免费会员即可解锁所有PDF转换功能 2.个人版免费在线协作平台——永中优云 进入官网，点击右上角登陆即可在线进行文档编辑，协同办公，权限分享等操作 [图片] [图片] 移动端用户，在应用市场搜索“永中优云”或点击下方链接，即可下载APP进行操作，更多功能可以登陆查看哦~,5
1273537901,766d4c701cdc94a512537d01f0d30181,KingDraw,-1,看到这样的提问，我总是会忍不住“王婆”附体 我们的软件不是低价，直接是完全免费哇！！！！ 但是因为受众比较少，一直还属于小众软件。。 ヽ(●-`Д´-)ノ喂！！！化学专业的同学们不要跑， 说的就是你们呀！一定要试试来 w~~~~~~~~~~~~~~ 专业又免费的化学绘图软件，全中文操作界面，非常好上手，并且支持cdx、mol等常用文件格式！目前KingDraw有手机版和电脑版，大家可以根据自己的使用习惯选择，两个版本还可以通…,12
1247453059,834fb2c232235642bc31e1cc1240dbc0,陶新新,1,工作和学习总是免不了与纸质文件和电子文件打交道，有时网上提交资料，必须要扫描版，可是身边没有扫描仪，难道要跑打印店？想偷个懒直接拍照发过去，但是要把四边裁整齐了并且光线要均匀也是费不少时间的；有时需要身份证A4电子扫描件，正反面要印在一张纸上，可是没有扫描仪，又抓瞎了；有时读一本纸质书看到好的段落想摘抄下来，用笔写下来吗，完全打断了读书的连贯性。 以上这些情况，只需要一个手机扫描仪便可优雅地解决，…,3
1244955170,c8b4690642caef9803e80e3e99d20959,知乎用户,1,首先，我不太确定你的低价是指的什么价格。 软件是不是低价却高端实用要看你的需求的，一个软件即使只要10块钱，但是买了之后几年都不用1次，那就是昂贵的。如果软件1000多，但是天天用，而且他给我创造的价值远大于1000，那1000多也是便宜的。 对于我来说office365，这种一年400的东西都算便宜的，他对我工作带来的便利性，同步文件版本的安全性，会远大于他的价格，所以我认为他很便宜。 那我我推荐一些对工作来说比较实用的软…,7
1238997941,00568097893ed3ef881711534f0a6d8c,天成三昧,-1,你大可以搜一下Adobe软件的替代软件。相对来说也就是affinity了。但是这个东西一分钱一分货。质优还价廉的着实可能性较小。 adobe不仅仅是软件功能，他提供的整套解决方案和生态系统，以及行业惯性这种才是可怕的。当前很沮丧的说没人能取代adobe 尤其是PS ID。AI有CDR价格也很坑。AE这边比他厉害的很多但是价格贵好多比如nuke 比如好弟弟。LR有P1价格也不低，PR这边 avid finalx还算可以替代。但是其他网页设计 动画等adobe也是…,2
1244474970,a514f2ea3d1dbeadfaffd662ea0928cd,知乎用户,1,Office 365（Microsoft 365） IDM,4
1255007879,d6e97eee550a9221b3c6e55f6415b539,知乎用户,1,AxMath，国产软件，36元永久完美替代mathtype。排版好看，也支持latex。 官网地址：,4
1241798209,0c13f0c865b406feb9df98d891bf9f91,写bug的程序员,1,vs vscode xcode chrome sublime androidstudio（intellij idea） 不能再便宜了，因为基本免费 对大多数人来说，还算高端吧 也不能再实用了，吃饭的家伙 至于好不好用，那是另外一回事,0
1249312467,fc77cca05657fce884f24b7b888adea9,文电通PDF,-1,PDF软件行业从业者，现身来说两句 Adobe家的PDF软件。免费的阅读器就不提了，主要说讨论下付费的 Acrobat。 Adobe作为PDF行业翘楚、私以为除了贵，功能方面没别的毛病。Acrobat Standard官网标价是 US$239， Acrobat Pro 官网标价是US$359。 贵是真的贵！标准版和专业版在功能上的区别汇总如下：除了第二条“扫描文档转为可编辑和搜索的PDF”（即OCR功能）以外，其他Pro中独具的功能基本上是我们普通用户很少会接触到的。 [图片] 所以市…,2
713311358,9de0235f584b557eaa2b23e61a217b4a,知乎用户,-1,推荐给大家12款好用的电脑软件，是我长期以来一直使用并且还会继续使用的软件，用起来足以提升效率，逼格高高！ 1.DropIt一款来自国外的开源、免费软件，主打 Windows 文件自动归类，功能极其强大，只需预先设置好想要的分类规则，一键拖拽过去，接下来就是见证奇迹的时刻！ 这款软件并不是新出的，早在 2009 年就已发布，然而这么好用的软件却一直不红，真是可惜。至于有多好用，我们再来看一个动图。 [图片] 看看！只需把想要归类的…,47015
671080630,8e76355dcd0859a737abdec14677e2f0,非凡公社,1,一个好的软件可以大幅提高生产力，答主是个狂热的软件控。本文将分别从 「外观」「效率」「chrome 插件」来推荐 windows 和 mac 软件和插件window外观美化 任务栏透明化-TranslucentTBTranslucentTB 就是一款纯粹的任务栏透明化软件工具，而且还是绿色化启动。TranslucentTB 运行时系统占用资源极小，几乎不存在一般。不过该软件使用的是 Windows 10 的 API，所以只能在 Windows 10 上生效。因为答主目前使用的是 mac，所以就不…,16978
676373053,4fdd1e462d198ac474c5ecd1ae82c2fe,李大颖,0,窥屏见高下！我们公司同事最喜欢的一件事，看我最近又安装了什么好用的软件！有几款软件，几乎已经全公司普及使用了！哈哈哈，这也是作为一个软件狂最骄傲的事儿吧！接下来，我就来为大家分享7个我装机必备，也是最受同事欢迎的软件！ [图片] 1.桌面日历工作之后事情越来越多，一款好用的桌面日历可以让帮你掌握全局！ 点击每个窗格可以直接添加待办事项。完成的事件可以划横线还可以根据喜好调整…,6333
1146722955,ee99737ba14d20fcc7a131b5065c44fa,默然,1,自己写的渲染器吧。 https://github.com/moranzcw/Andromeda [图片] [图片] [图片],166
1144833434,4d5fcc6bb7a2f57a09844d3ebda36001,知乎用户,1,当然是 Quicker， 一个软件顶10个，快来看看这款让人相见恨晚的软件。 在使用电脑办公或学习时，有些操作可能是每天都会重复的，例如搜索、复制粘贴等，但其实这些操作中，存在着不少可以优化的空间。 因此，今天给大家介绍一款好用的效率神器—— Quicker，它可以免去一些常用操作中机械化的步骤，真正意义上解放双手。 此外，基于它的开放性，可以 安装各种小工具，替代那些使用频率不高的软件。 Quicker 简介 Quicker，是 Win…,1091
631748221,cfce35514e9bd6c80440b53cf5d76f1c,树的葡萄,1,一、Inpaint (31M)-图片去水印 曾经以为，Photoshop的仿制图章是我去污、除水印的骄傲。 直到有一天，我遇见Inpaint。 顿时感觉自己的智商受到了侮辱，“工具用得好，下班走得早”这句话振聋发聩。 如果说，Photoshop是郭靖武学之中的降龙十八掌、左右互搏，那Inpaint一定是老顽童周伯通的空明拳，清新有道、四两拨千斤。 Inpaint无需安装，U盘式生存，即打即用。 [图片] [图片] 同样，我们还可以根据Inpaint强大的算法，去除照片中的污渍、修…,36486
674501252,150429438fafd91d2143e9a4f727b75a,猫猫爱软件,0,6.12更新 摸鱼再更新一点 前段时间做了用户调查，给幸运用户发放礼品： [图片] [图片] 还有一张旧图，是行政刚用它来统计订餐时截的，大家将就看： [图片] 体验感不错，以前在纠结这个软件为什么不做app，后来公司上了企业微信，开始用的比较方便了。目前来说整个产品还是比较简单好用的，希望以后给我更多惊喜 ---原回答--- 用了快两年了，仍然时不时能在新手面前秀一波！ 部门上周新来了领导，让我把在各项工作上的花费的时间整理下，然后我过了5…,380
947337641,e3c85e95321538c49d13852df5abdb01,少数派,-1,「最引以为豪」当然是那些让工作和生活省时省力省心的软件了，打开这个软件的时候就能让你感到愉悦，派君来分享一些觉得能让人愉悦的 App。 macOS最受欢迎的 macOS 播放器：IINA 1.0.0 点击下载&gt; IINA 就像一款 macOS 原生播放器一样，简洁优雅，但是在功能上也毫不逊色。不管是视频解码还是字幕渲染，IINA 都是无可挑剔的。除此之外，IINA 还有在线字幕下载、画中画、视频串流等丰富的功能，充分满足你对一款视频播放器所有的幻…,239
670783830,09db43fb8deee2076d66d4c78ac96208,ailx10,1,我的电脑系统是 Kali rolling（Linux 网络安全专用操作系统），已经玩了5年了，所谓的引以为豪（成功装逼）的软件大概就是少数人知道且会玩的软件吧。 最温情的软件：SS [图片] 傻瓜式信息收集软件:maltego [图片] 傻瓜式WEB攻击软件：OWASP Zed [图片] 傻瓜式SQL注入工具：jSQL injection [图片] 傻瓜式无线攻击工具：Ghost Phisher [图片] 软件逆向工具：edb [图片] 漏洞利用软件：Armitage [图片] 报文嗅探工具：Wireshark [图片],1280
1144910518,47b08e849c04cbf07a7dc64583ba1b26,宋雪贤,1,分享一个体积很小的谷歌插件，但能极大的提高工作效率。我已经用了3年，舍不得卸载。 ImageAssistant，也叫做图片助手。 [图片] 简单来说，这款插件就是帮助我们更加方便快速的 提取网页上图片素材。安装插件后，打开目标网页，右键点击网页空白处，找到 图片助手，再点击 提取本页图片 即可。 [图片] 多数人对于这款插件的认知，只停留在获取图片。如果你做PPT时，使用这款插件，绝对能帮你节省 80% 找图的时间。 如果你还没有安装这款插件，…,5938
1265635117,ed52fc3acdc40b3a5a4540c51a2d027d,蜡笔,1,新手奶爸一枚，娃现在6个多月了。 期间用过好几款这类App，比如很多宝妈使用的宝宝生活记录、BabyLine等。 一圈体验下来，我还是推荐使用“宝宝喂养日历”这个小程序，说说理由： 微信小程序免下载、免安装，相比App，会轻便很多，至少都能省点空间对吧？很多App都是需要手机号来注册账号的，这个小程序竟然不需要注册，只需要授权个昵称和头像。在当今各个App都绞尽脑汁获取用户隐私数据的年代，实在是一股清流！这小程序的界面…,22
544149186,bc72f75a5920cada8268157bb189a3b6,啊啊,-1,其实就是想找个方便记录宝宝吃喝拉撒时间表的软件(๑• . •๑)，因为之前的月嫂建议按时喂养，可是老母亲我已经开始记忆退化，根本记不住上一顿什么时候吃的什么时候拉的一天拉几次了。想找个合适的软件用来记录，第二次用知乎⊙﹏⊙还不知道规矩，是上来直接要还是走程序呢(๑•ั็ω•็ั๑),2
1259850866,ee45668f255ab7ad530c5c8c78a1d620,包仔,-1,宝宝喂养日历，微信小程序，很方便，随手就可以记录，功能也很全面,4
871593305,428f4c9bbaec8c65cc1de9f0fc481642,LSQ1990,-1,[图片] 下载育学园,1
980353562,915877ef72d764bc58b997d928635003,杀死王子的美人鱼,-1,亲宝宝啊，一直在用,0
868782632,13e5bb76efe0f66049986e37d0db5026,飘飘小A,0,我用的宝宝生活记录，觉得一般吧，可以记吃、睡、挤奶、换尿不湿，但是只能在一台手机上，不能家人一起记录然后共享，给你参考,0
1277981522,b1f71d44f138c5a66524a0ef4687f35b,王小刀,-1,我也查阅了很多的资料，但真实好用还是看调音师如何使用插件和调节各类参数，我觉得这个就很不错啊，大家可以参考一下 [视频] 变声器软件是一种通过麦克风传入声音后，经过软件的特殊处理，输出为各种音调的声音，达到隐藏原声的一种电脑（安卓）软件。变声软件属于“软件类型”的音频变声工具，其原理是通过改变输入音频的音色、音调，并将变声后的音频输出，保存为数字音频文件。,108
167329887,5015846ef61b30441f50a067352ac384,Zipper,1,首先要看题主的需求，是需要实时的变声处理（用在实时聊天或直播上）还是后期做视频剪辑处理。 Audacity、 Audition这类软件都属于大类音频（Audio）的离线处理软件，可以修改音调（pitch shift），但人声（Voice）并不是纯音，声带振动后会产生基音和共振峰两部分，仅仅改变音调会导致声音失真，所以还要做音色保护（即保留共振峰的部分）。 我自己之前也写过变声器，不过从产品成熟度来说肯定不如商业软件，收费的实时变声软件…,114
99064650,b1a2844c38296c49efdbb74a926d6bb9,知乎用户,0,"多数有带基本声效处理功能的音频编辑软件都能解决变声问题。 这里安利一款经本人实测手感极好屡试不爽的软件 －Audacity. 处理音频的功能不算特别牛比 可是降噪混响回声音高均衡器高低音这些基本功能该有的都有。 安装简易 对电脑系统基本不挑 windows, mac, linux版的都有 语言可设中英。 上手也不难 小机灵们完全能自己摸索出个用法 要想再进阶的话 官网上有教如何操作 百度一下也能找到很多教程。 最重要的 这还是大写的免费…",249
1144905121,3a7c49abc1405d67f5ea46d1b300e577,壶翁,1,关于有没有好用的变声软件，我强烈推荐这款软件morphvox ，本人从事视频创作，经常用的一款软件，亲测好用。 [图片] 正常来说变声器软件对声卡没有太大要求的，用的都是算法变声，所以变声器软件变声的话需要用到一个虚拟音频驱动来实现变声，morphvox的虚拟音频驱动就是“Screaming Bee Audio”。 [图片] 右击任务栏的音量图标选录音设备，进入录制设备设置界面，找到“Screaming Bee Audio”呢，就左击选中然后设置默认值就可以了。如果没设…,50
349299907,55ed3ee6d884ea7488a8d6d4c4bbe664,出师吴彦祖,0,大家可能不知道，百度有个产品叫：百度广播开放平台 可以在线文字转语音，男女生变声。比那些打着收费的变声器，变声软件好用吧，效果比较真实。好多收费的变声软件，调用的都是百度的API接口，大家不要轻易购买！参考：图尔其：推荐两家在线文字转语音合成变声平台 比多数变声软件都好用！,41
80005676,40c6914cee10bc9d0ae4b0ce590f0a28,知乎用户,1,"STRAIGHT，需要安装MATLAB STRAIGHT information (welcome!) Voice Morphing,windows下可直接运行 Voice Morphing",16
62378705,69865e1245455c3bd3f0eeacdad64c5b,阿怪,1,呃就是 pitch shift 再稍微動一下 EQ 啊 不用特別搞什麼軟件啦,7
62417071,3fc8ee1039da8745cc1b768947d2b420,Asterisk,1,UTAU？,8
730601050,516389bdb3f390c53c95d6f18f825054,陌厌尘,0,ANIMEGAPHONE 一款可以将用户的声音转变成其他人声音的道具。 [图片] 喇叭变声器拥有AI技术，可以通过对事先已经录好的声音分析，再经过另外一个软件（ Real Change Voice）的处理转化，就能变成你想要的声音。 [图片] 和我们了解到的变声器最大的不同点在于，通过事先录好的声音，处理好后，你就能将新的声音全部转化成已录的人物声音。 什么御姐音、萝莉音、女王音、杨幂音等等，还不都是信手拈来！ [图片] 我是“陌厌尘”，专注于分享各种神器，喜欢…,12
1277359516,7589b4a7bf712bd5fa9bbb22fb171deb,知乎用户,-1,明人不说暗话~ 柯南手上那种！（手动滑稽）,0
92868539,c620eed57d51694e28d9c0d0017c4cc7,许晋,1,我自己写的OneQuick 官网： OneQuick.org 屏幕边缘操作：四条边四个角随意定制，代表性操作就是左上角调音量，配合win10效果极佳 [图片] 复制搜索，看图。 [图片] 加强版：一次打开多个网页 [图片] 短语替换。 [图片] 已上架微软应用商店。 主页： onequick.org 微博： weibo.com/onequick,2769
457905578,363d9fb8dce8d598b1adbe7c32d7316b,见长,1,话不多说，直接上货！多图预警！超全推荐！01.图片工厂 [图片] 可能大家都听过格式工厂， 图片工厂也是和格式工厂一家的，格式工厂是针对各种格式转换，那么图片工厂则就是一款全面性的处理图片软件。颜值就不说了… 肉眼可见的老旧风格… [图片] 当然，能入选的 实用性也不会差，图片工厂覆盖了图片全功能，包含特效，浏览，编辑，排版，分割，合并和屏幕录像截图等功能。挑几个我 比较喜欢的功能介绍一哈↓ 图片的常规处理基本的看图功能就不用…,3634
252919356,e3c85e95321538c49d13852df5abdb01,少数派,-1,工欲善其事，必先利其器。作为全球最多人使用的桌面操作系统，Windows 的使用效率与我们的工作学习息息相关。今天，少数派就为大家整理了 10 款提高效率的利器，让你的 Windows 更具生产力。 Everything如果你曾对效率工具有过研究，想必对 Everything 的名字不会陌生。这款仅有 1.3 MB 的小软件可以通过访问 NTFS 文件系统的 USN 日志，在数秒内检索完成几 TB 大小硬盘中的上百万个文件，并实时监测所有文件的增改情况，说是 Wi…,3443
98578309,fddb09a8ac0a2bef7989391aa4871750,大饼George,1,多图流量预警！！！ 作为部门内唯一采用win10为主力系统的产品经理，我按照我的工作流来介绍一下平时采用的生产力工具（其他几位产品经理均采用了MAC作为生产力工具，但是我这一套可以和他们无缝对接，并不会对工作造成困扰） 硬件篇： 1、工作台：格子间一个，自己的小空间，布置的整洁一些，心无旁骛。 [图片] 2、设备： 笔记本电脑：联想X1C一台，主力生产工具； 显示器：20寸大屏显示器一台（用来外接X1C，扩展显示，对于原型设计…,1095
611292852,000b65d49e2a2162e76bba480d00ea34,Jackpop,1,好的软件能够让你的电脑如虎添翼，使用体验成倍增加，平时爱试用不同工具和软件，总结推荐10我认为非常不错的windows 10软件， 文末有下载方式。1. 鼠标手势工具：WGestures 我之前其实并不看好鼠标手势，因为尝试过很多手势工具，大多数都是功能花哨，但是使用体验很差，我一度甚至认为鼠标手势就是一个鸡肋，直到我遇到WGestures这款工具，可以说是让人心里感觉豁然开朗，原来鼠标手势可以这么好用，下面简单举几个例子。基本手…,1017
79735326,c63c5d496a55210dc329aae6d33d06f5,呆罗,1,搬运，原答案地址： 有哪些软件堪称「神器」，却不被大众所知？ - GreyRhythm 的回答 ，欢迎大家过去点赞。 向大家推荐一些我用过感觉不错的软件，除了桌面软件外也会包含一些应用商店应用和网站推荐，内容将来我会不定期更新一些。 === 内容在 16/01/19 已更新 === 答案较长，加个目录方便各位在更新后发现自己感兴趣的内容： ● 文件搜索神器 Everything ● 音乐播放器 foobar2000 ● 网易云音…,1639
131957646,0,匿名用户,1,看了很多答主的精彩回答，因为自己平时也喜欢捣鼓系统，且从事设计相关的工作，下面就 从美化系统的角度，兼一些效率类软件，来给大家做推荐吧。（第 4 次更新） 桌面镇楼： [图片] 文件夹展开状态： [图片] 可口可乐主题（更新4）：&lt;img src=&#34; https://pic1.zhimg.com/v2-e9b1a2641c9c75ebbf694e97293a18a4_b.png &#34; data-rawwidth=&#34;2560&#34; data-rawheight=&#34;1080&#34; class=&#34;content_image&#34; width=&#34;2560&#34; data-original=&#34;https://pic1.zhimg.com/v2-e9b1a2641c9c75ebbf694e97293a18a4_r.png &#34;&gt;丰富拼贴之后：丰富拼贴之后： [图片] 桌面之所以看起来…Ultrawide Monitor 21:9 Wallpapers ，在16:9的屏幕下，显示效果不知道怎样，知友自己裁剪下吧。(更新1),1943
830176466,e88619a209fe6c707a20e0a3b30da8a9,邵云蛟,1,说点颠覆认知的！Win10 其实自带了很多超赞工具，却被忽视了！如超强输入法，1秒输入200多字。批量一键命名文件，虚拟桌面等，超多厉害的效率功能和软件！ [图片] 今天就跟各位分享一些我个人常用的，超赞的WIN10自带的工具！提升你的工作效率！ 01 自带超强输入法——1秒输入200字 [图片] 微软拼音输入法，在WIN10的版本中，变得更加智能了！ 你可以自定义短语，只需要按下一个字母，就能实现一句话的输入，能很大程度上减轻我们的重复工作！ [图片] …,3989
544542224,0fb96a246cad3b61a121a1837fe939a1,知乎用户,1,crystal：超赞的 Windows 必备软件推荐 软件特点：无广告原版无修改打开即用，或配置简单 分享形式：列表，冒号后为特点说明，括号内为备注；已附带官网链接，可去官网下载最新版。浏览器Chrome Firefox （国际版）输入法Windows10 自带输入法手心输入法 搜狗输入法智慧版 2.0（非 3.0 版）压缩处理Bandizip ：支持图片预览7zip 图片处理GIMP ：PhotoShop 最佳免费替代品Paint.NET ：极简的图片编辑器XnConvert ：最佳图像批处理工具视频…,1063
788305140,150429438fafd91d2143e9a4f727b75a,猫猫爱软件,0,还有很多很多很多非常好用、但鲜为人知的软件。比如这5个，我觉得必须推荐的！ ImageGlass — 替代win10默认的图片查看器 tagLyst Next — 文件入库、加标签，解决文件分类与聚合的难题 简道云 — 可替代excel的表单工具，支持自动统计、图表制作、任务提醒等 Tea — 为开发者而生的云笔记，支持 MarkDown、代码高亮、快捷键、插件等 速盘 – 可能是Windows下最全面的百度盘「快速下载」工具（链接已贴上，打开即可下载使用） 一、…,1406
104720704,00921e09d220d20d1c49ea4eedc969c5,KGdesign,1,恩，发一个我之前的案例吧，不知道对题主有没有帮助，虽然有些晚了 一家购物中心的logo，大概比较符合题主的范围 北纬37°被史学家、地理学家奉为“神奇的纬度”。在地球上，大约百分之九十的古文明发源地，百分之七十的古建筑遗迹，以及绝大部分特异神奇的自然现象都完完全全地集中发生在这一区域。 当初甲方以这个名字命名自己的商场想来也是为了体现那种无尽的惊喜 [图片] 恩，很幸运的还能翻出我出手之前的N37的logo。这个由高科集…,137
23304510,e85c787c9829ec2aae9bb3972c9a6603,碎影立画,1,A.个人没有设计基础的话，也可以做LOGO设计的。 就像我们不学厨师也一样可以炒菜。这是在不计较色、香、味、意、形的前提下。这和没学过设计做LOGO设计的道理一样。菜炒的好坏，毕竟是自己吃或和家人一起吃，自己和家人都不会计较，但如果拿给客人吃，那客人会有不同的感受的，对吗？所以不知道你倾向于炒一盘自己爱吃的菜呢？还是找个专业的厨师为客人做一盘色、香、味俱全的菜呢？好的LOGO，其实是对自身企业的一种快速诠释，…,15
576708335,756bb097aacb1fd54021e1e881d43bb1,德布罗意波,1,看了这篇问答，相信我，颠覆你对商业设计的认知。 本回答节选自自有教程《品牌设计师养成计划》第一节 全文大概3K字，图片很多，阅读时间在10min之内，请享用。 [图片] [图片] 本节课将主要以 品牌设计的简介、LOGO设计的评判标准，品牌设计师自身素质和品牌设计流程来对标志设计有较为初级的认识。 品牌设计简介 [图片] 狭义上的品牌设计主要是 VIS和LOGO，较为初级的认知是品牌设计=LOGO设计，实际上，LOGO设计的上一层母集是VIS，即品牌的视觉传…,34
1028898356,7878d5918dd85eac6a90107484dde422,陈锐,1,其实logo设计不复杂，没必要总是想着创作某种奇怪特殊的图形，满足两个条件即可：看得懂，记得住。也是我自己的答案好设计：看得懂，记得住！我是设计师陈锐。设计的唯一目的就是传播，而不是荒谬的推导逻辑，直观看到你是什么就是什么，用户绝不会看着设计说明书来理解LOGO的深意，我对好设计的判定标准是：好设计=看得懂、记得住，辅助传播。 [图片] 因为自己服务上市公司幼教板块的经历，自己做过0-12岁幼教类、托育类的logo、vi设计…,5
480066648,c68ea0b6ea985c598c7a86f963fcea2b,123标志,0,不学设计的小伙伴，推荐一款好用的 在线logo生成器LOGO生成 ：www.logosc.cn LOGO设计只需3步！第一步：输入品牌名称打开浏览器（推荐使用谷歌的Chrome）并输入网址 https://www.logosc.cn 直接输入需要设计的LOGO名称，直接进入智能logo制作的流程。 [图片] 第二步：选择行业和颜色选择对应的行业（这将帮助LOGO生成选择更合适的LOGO风格和图标）。 [图片] [图片] 第三步：获得LOGO创意点击【加载更多】可以不断获得更多LOGO创意点击【搜索图标】可…,21
25844236,586238b925a7898562d03d3d5e7b1ca1,知乎用户,1,如果面试官明确知道你是面试行政职位，并在神智清醒的状况下问你这个如何设计公司logo的问题，那么，你所需要关注的肯定不是“怎么去设计logo”，而是要跳出来，考虑“为什么面试官会问这样的问题？ta是要考察我什么能力？我该以什么样的思路去展现我具有这方面的能力？” 先看一下百科上对行政专员的解释： 行政专员是每个公司所必须具备的岗位，协助行政经理完成公司行政事务性工作及部门内部日常事务工作。协助上级制定行政、…,5
23167140,560cb101edf4c4d7b44b71bca40d5487,知乎用户,1,"A.没有设计基础的话，有一款软件叫 AAA logo 。 软件里面有几十个模板、几千个图形素材。 操作也很简单,跟玩儿拼图差不多,各种样式一键生成。 B.关于logo的禁忌方面可以看看这个 你认为最失败的 Logo 设计有哪些？",13
1236144524,7eb115c8c2522d9bf305cb130b477925,凡科快图,-1,其实一个好的公司logo不用太复杂，主要是体现良好的公司形象、企业文化。所以，不管你的logo是想做成图案还是文字，都要以公司独特的自身文化为基础。这样不仅能突显公司的价值理念，也能在同行业竞争中具有自己的独特性。 选择好logo的原型，就可以开始研究怎么样才能使其变得好看、容易让人接受并记住。因为logo是公司对外展示的窗口，很大程度上决定看大众对自己的第一印象。这跟谈恋爱一样，重点就是要经典耐看、简单记得住…,1
1294478045,7067678a79c77a7cd178a9a586f192d5,AdBright皓量科技,-1,以下内容来自我司高级UI设计师： 一、设计软件一般做logo，会用矢量软件， 最常用的就是AI，PS虽然也能做但考虑到后续印刷延展物料等需求，不如AI方便。像题主这种情况，建议还是学习下软件基础，毕竟有想法是每个人都可以做到的，但最终需要具体实现出来，logo一般用到的也就是 图形的使用及布尔运算，再就是颜色设置这几类操作。需要注意的是颜色模式的选择，有印刷需求的都需要用CMYK模式，对于一些色彩比较鲜亮的logo，也可…,7
470142994,c7799c051e01a67a29bfe2125847dabb,柳州蜂锐科技,-1,一个组织的品牌战略在当今聚焦和竞争市场的成就中扮演了一个重要的角色。你的组织品牌不仅仅是一个名字或形象，它与你的购买者有着千丝万缕的联系。 要使自己处于商业领域，并让消费者意识到你是一个创业型企业，无论你是一个小型的、中型的或大型企业，都要使自己的品牌价值成为关键。 更重要的是，你的组织 logo 是你整个品牌建立的基础。从企业网站，访问卡，通讯，文具到包装材料，小册子和宣传材料，logo 让你的品牌将他们…,3
1275293912,3ca6ad7b21a954943ca602b0be6373de,互盾科技,-1,作为一个工具控，市面上的录屏软件基本上都用过了，踩坑无数次之后总结出这 6个好用的录屏软件分享给你们。它们各有各的特色，能够满足不同人群的需求！1、oCam [图片] 主要特点：①支持全面屏录制、区域录制和固定尺寸录制； ②录制视频的时候支持录制麦克风声音和系统声音，也支持单独录制音频； ③支持录制鼠标指针，并且可以设置鼠标的点击效果； ④文件可保存为MP4、MKV、M4V、FLV、GIF等格式，还挺全的； ⑤支持截图功能，并且在…,30
1101861785,da191d4f75b1acd9e03d218ef0fbdec5,大风,1,迅捷屏幕录制工具链接： 迅捷屏幕录制工具是国内比较不错的一款国产软件。它的细节处理非常好，录制时有正常和游戏两种模式选择，录制视频还支持AVI、MP4、FLV等3种格式选择。 [图片] 适用场景也非常的丰富，比如：老师教学视频录制，可以选择教学录制一键操作；主播视频录制，可以使用游戏录制一键搞定；学生网课录制，可以使用网课录制轻松实现等等。虽然只能免费使用两分钟，但是平常是够用的。 [图片] 总结：软件体验…,428
1123195488,28319b49a3613a89f58a9f2922c51bfc,嗨格式录屏大师,-1,好的电脑录屏软件推荐：有时候需要用录屏记录一些重要的内容，比如网课老师上重要课程需要将记录下来。不同于手机，一般的电脑录屏要求会更高。像录制网上的课程，可以使用专业的软件录制清晰的视频。如果有电脑录屏方面的疑问，可以咨询 ！ [图片] 方法一：windows 10系统录屏这个方法适用于windows 10系统，开启电脑之后，在键盘上同…,7
840800306,c8761ea9629ccf848f9992cbaf116acc,一唯科技,-1,EV录屏。 免费录制如果作为只是需要录屏的用户来说，它完全免费。没有水印、不限制录制时长。 界面简单不需要会英文、懂技术，看了界面一个视频的组成无非就是画面+声音，这两项都设置好了开始录就是了，只录特定窗口的话，选择选区录制就行。 [图片] 当然，也有其他不属于录屏的增值服务功能，软件提供只不过需要付费就是了。,121
1082112663,29cb85d65c40513d018e9e5a33ff7bff,蓝同学,1,那必须是Bandicam啊，只有17M，而且功能强大 具体可以看我这篇文章，有提供免安装的版本！！双击直接运行！我一般是固定到开始屏幕上 录屏软件的最佳选择？,29
1259839195,e913a372663eee5bec7545d0dc5796a0,终端虫虫,1,Captura [图片] [图片] 需要FFmpeg的支持，自己手动下载FFmpeg解压到本地并加入环境变量即可，Captura会自动识别。 录屏的质量还是很不错的，我最近录了一段13分钟的会议视频，MP4格式，24帧率，大小为344Mb。效果很不错，画面流畅，声音清晰。 我的电脑16G内存，i5，普通游戏本。 同时开着，腾讯会议并共享屏幕，PPT，Word，和一个大型制图软件，再加上录屏，录的同时还在操作电脑，一点也不卡。,0
1074598025,1c8d5fc7494ea22257b96c7b51f771f7,知乎用户,-1,如果我没猜错的话，你一定找了很久了吧！ 如果你要录微课，这一个软件就够了！ 恭喜你，今天不用再找了，你想要的的高清无水印录屏软件ocam-制作微课网课必备神器就在这里。这款录屏软件是【大萌王】花了1个月的时间用过无数次后，通过了评测才来分享给大家的， 现在已经离不开它了！这款软件特别小，只有几兆，对电脑的毫无要求，但是功能却十分强大！无水印，无广告，一次下载终身免费，录制画质1080P高清，可截屏，可设置水…,14
949858829,3e6320e285d1755cebd6cbf30630b0ee,阿银,1,看你电脑配置，obs可能是你设置的不对。 如果有显卡，N卡跟A卡都有自带的录屏挺好的。 如果没有显卡，我推荐Captura。不需要怎么设置 MathewSachin/Captura 开源软件。,6
